# name|kind|surface y|x,z;x,z… — Overture Maps base water (ODbL)
|lake|61.84|-26353.3,-17868.9;-26362.7,-17914.3;-26360.2,-17954.0;-26349.5,-17970.5;-26353.3,-18017.8;-26331.2,-18038.0;-26323.1,-18036.7;-26319.9,-18021.6;-26265.8,-17986.2;-26259.5,-17961.6;-26249.4,-17952.8;-26245.6,-17939.5;-26256.3,-17918.1;-26307.9,-17886.5;-26353.3,-17868.9
초곡소류지|reservoir|34.16|-26062.4,-15586.6;-26025.6,-15571.0;-25983.1,-15568.6;-25995.0,-15527.4;-26031.7,-15490.3;-26049.6,-15497.6;-26083.7,-15525.3;-26087.6,-15540.1;-26066.3,-15568.1;-26062.4,-15586.6
광덕소류지|reservoir|59.21|-26239.8,-13635.9;-26224.1,-13691.5;-26224.7,-13711.7;-26230.3,-13725.7;-26175.4,-13725.2;-26165.8,-13703.3;-26151.3,-13684.7;-26095.3,-13634.8;-26100.8,-13579.8;-26125.5,-13545.0;-26135.6,-13544.4;-26195.0,-13592.1;-26240.4,-13616.3;-26239.8,-13635.9
화촌소류지|pond|87.46|-26112.3,-10834.4;-26121.0,-10837.6;-26119.6,-10856.1;-26064.4,-10884.0;-26049.6,-10860.0;-26052.0,-10851.7;-26112.3,-10834.4
나동저수지|reservoir|195.5|-26416.8,-9652.4;-26425.5,-9664.1;-26446.5,-9718.2;-26410.1,-9734.2;-26361.4,-9746.0;-26306.0,-9750.5;-26244.0,-9785.4;-26221.5,-9805.8;-26196.1,-9808.3;-26220.0,-9744.2;-26311.9,-9667.3;-26416.8,-9652.4
길성저수지|reservoir|102.76|-26498.9,-7132.7;-26499.9,-7165.8;-26486.3,-7256.0;-26490.2,-7328.2;-26478.0,-7341.7;-26477.3,-7361.1;-26483.8,-7385.5;-26498.6,-7403.6;-26506.3,-7437.7;-26499.9,-7451.3;-26488.3,-7456.4;-26439.3,-7384.9;-26412.9,-7320.5;-26397.5,-7320.5;-26398.8,-7307.6;-26405.8,-7301.1;-26406.5,-7282.4;-26389.1,-7265.7;-26372.4,-7262.5;-26280.9,-7287.6;-26302.8,-7264.4;-26311.2,-7248.3;-26346.6,-7223.2;-26354.3,-7207.0;-26374.9,-7196.1;-26382.0,-7171.0;-26380.1,-7161.9;-26387.2,-7155.5;-26476.0,-7132.3;-26498.9,-7132.7
어세소류지|reservoir|93.63|-26189.4,131.7;-26207.4,55.1;-26203.5,39.5;-26130.3,-19.6;-26083.5,37.5;-26108.4,72.7;-26145.4,88.8;-26189.4,131.7
작은어석소류지|reservoir|88.24|-26338.4,1664.3;-26347.1,1656.0;-26323.3,1608.4;-26297.0,1536.7;-26257.7,1486.2;-26253.3,1529.1;-26256.2,1571.6;-26249.4,1617.3;-26257.4,1648.1;-26261.5,1645.8;-26268.7,1655.0;-26276.2,1674.0;-26338.4,1664.3
모로소류지|reservoir|14.18|-26381.1,7478.2;-26387.5,7440.7;-26410.2,7402.1;-26408.0,7389.7;-26398.9,7377.8;-26382.1,7373.9;-26351.1,7391.2;-26344.8,7441.6;-26347.0,7468.7;-26354.0,7481.9;-26375.5,7484.1;-26381.1,7478.2
목골소류지|pond|19.87|-26357.2,14408.5;-26379.9,14382.9;-26382.6,14368.1;-26325.0,14356.1;-26324.8,14393.4;-26357.2,14408.5
|pond|12.26|-26596.7,18828.0;-26561.9,18776.6;-26552.9,18774.0;-26492.4,18934.0;-26270.9,19701.1;-26312.7,19694.7;-26335.3,19671.0;-26373.2,19596.4;-26407.4,19506.5;-26476.9,19225.7;-26484.6,19165.3;-26508.5,19086.3;-26527.1,19079.8;-26531.6,19066.4;-26536.8,19002.1;-26596.7,18828.0
|river|7.85|-25260.8,17196.8;-25223.2,17137.8;-25061.4,16823.9;-24864.5,16874.8;-24989.4,17062.8;-25122.2,17241.1;-25158.8,17305.9;-25229.5,17411.1;-25335.4,17531.9;-25378.8,17608.8;-25414.5,17658.5;-25461.8,17696.0;-25682.4,17809.9;-25858.0,17924.9;-26020.3,18001.8;-26114.0,18026.7;-26238.6,18050.0;-26361.1,18085.6;-26581.9,18160.8;-26676.8,18200.8;-26722.2,18208.3;-27060.4,18203.9;-27348.3,18185.9;-27514.2,18158.1;-27618.1,18124.5;-27710.7,18070.2;-27796.5,17981.6;-27846.5,17823.6;-27936.3,17639.5;-27972.4,17550.8;-28004.6,17447.6;-28038.8,17218.7;-28109.0,16976.1;-28136.9,16851.5;-28146.6,16780.3;-28156.9,16556.8;-28132.9,16415.5;-28140.8,16162.7;-28112.9,15833.4;-27966.1,15859.7;-27965.1,15932.8;-27941.4,16042.9;-27932.9,16240.2;-27936.9,16275.1;-27966.1,16324.3;-27973.1,16344.2;-27967.5,16449.1;-27971.7,16492.2;-28009.0,16703.6;-27992.9,16807.6;-27968.0,16921.6;-27949.5,17079.4;-27892.4,17277.6;-27879.2,17309.0;-27853.6,17347.3;-27839.4,17400.1;-27783.1,17551.6;-27770.9,17605.4;-27763.3,17699.4;-27744.0,17749.1;-27708.4,17803.6;-27653.8,17865.9;-27530.8,17965.8;-27477.1,18001.3;-27356.1,18046.6;-27270.2,18063.7;-27029.6,18078.3;-26814.9,18063.2;-26695.9,18043.7;-26179.8,17876.7;-26080.5,17830.9;-25964.2,17756.9;-25826.8,17690.1;-25650.2,17583.5;-25595.5,17539.6;-25349.6,17307.8;-25260.8,17196.8
대평늪|reservoir|10.81|-26032.5,15398.0;-26008.6,15439.6;-25965.1,15471.1;-25902.3,15493.4;-25851.4,15483.3;-25795.2,15494.4;-25679.1,15436.6;-25501.7,15389.7;-25459.7,15437.5;-25447.0,15500.2;-25479.2,15535.8;-25492.8,15568.1;-25510.7,15575.7;-25563.4,15558.7;-25658.5,15557.0;-25840.3,15560.4;-25890.5,15571.5;-25964.4,15575.7;-26016.2,15527.4;-26054.4,15443.4;-26032.5,15398.0
상춘지|reservoir|81.21|-25036.3,23015.8;-24973.8,23020.9;-24990.4,23081.7;-24996.3,23095.6;-25011.2,23110.7;-25034.6,23106.5;-25029.7,23079.0;-25019.0,23055.7;-25044.6,23034.0;-25044.1,23024.8;-25036.3,23015.8
상촌지|pond|72.82|-24674.2,22627.4;-24631.3,22582.3;-24616.6,22598.1;-24583.2,22616.7;-24577.3,22628.8;-24582.7,22644.9;-24599.8,22661.2;-24619.8,22661.4;-24638.8,22637.1;-24674.2,22627.4
성황저수지|reservoir|54.52|-24725.0,20233.5;-24764.0,20208.1;-24767.2,20199.1;-24760.1,20185.7;-24723.2,20157.0;-24670.1,20140.0;-24667.1,20152.1;-24674.9,20167.2;-24725.0,20233.5
무곡소류지|pond|46.07|-24884.3,19386.2;-24928.9,19320.0;-24931.1,19312.0;-24925.5,19304.0;-24910.9,19294.2;-24899.2,19291.8;-24886.0,19303.7;-24851.3,19359.0;-24853.5,19366.8;-24868.7,19372.6;-24874.5,19387.2;-24884.3,19386.2
예동소류지|reservoir|45.14|-24227.7,18520.9;-24242.3,18462.5;-24136.9,18453.7;-24120.4,18468.4;-24177.9,18501.5;-24198.4,18520.0;-24227.7,18520.9
신기소류지|pond|51.06|-23750.7,17889.8;-23751.9,17952.9;-23771.5,17940.2;-23780.2,17917.6;-23818.8,17874.7;-23780.7,17841.6;-23774.9,17842.6;-23750.7,17889.8
백야소류지|reservoir|61.25|-23952.5,19432.0;-23968.6,19422.8;-23966.6,19384.3;-23971.0,19336.6;-23963.7,19313.2;-23953.5,19304.0;-23905.2,19353.6;-23919.8,19378.5;-23937.9,19380.9;-23944.7,19424.7;-23952.5,19432.0
갈곡소류지|pond|100.41|-23984.7,22119.7;-23991.0,22114.3;-24003.5,22071.0;-23994.7,22054.7;-23951.3,22097.0;-23984.7,22119.7
득소소류지|reservoir|84.25|-23972.0,21108.8;-23966.9,21093.5;-23941.8,21061.1;-23920.8,21014.1;-23915.4,20969.8;-23840.5,21002.2;-23855.6,21033.1;-23866.9,21076.7;-23857.6,21106.6;-23842.7,21128.5;-23842.9,21141.2;-23854.2,21148.7;-23876.9,21125.1;-23906.4,21119.0;-23961.0,21127.1;-23972.0,21108.8
내곡지|reservoir|76.67|-23336.6,23202.5;-23256.7,23226.1;-23278.2,23272.6;-23278.2,23300.6;-23303.3,23344.9;-23324.4,23345.6;-23345.5,23337.5;-23352.9,23348.6;-23372.1,23354.5;-23369.2,23332.4;-23351.4,23280.7;-23336.6,23202.5
도룡골소류지|pond|52.46|-23238.1,20054.8;-23244.4,20054.8;-23266.4,20015.1;-23285.9,20001.5;-23278.1,19994.4;-23257.6,19996.3;-23217.1,20010.2;-23223.7,20033.8;-23238.1,20054.8
|river|6.96|-24864.5,16874.8;-25061.4,16823.9;-24993.3,16705.8;-24896.7,16507.1;-24784.5,16234.3;-24696.7,16079.9;-24654.9,15997.6;-24597.1,15920.9;-24547.8,15835.4;-24479.5,15745.8;-24367.3,15618.9;-24326.3,15587.4;-24268.2,15561.6;-24196.5,15557.1;-24183.4,15547.7;-24172.5,15514.4;-24172.5,15505.0;-24179.4,15494.3;-24192.9,15490.9;-24245.5,15507.2;-24250.4,15496.8;-24173.3,15443.9;-24141.3,15379.2;-24100.6,15342.7;-24045.9,15309.0;-23975.7,15285.2;-23857.3,15277.6;-23764.9,15265.2;-23619.0,15219.2;-23503.6,15218.7;-23474.3,15214.3;-23428.2,15194.8;-23273.2,15161.7;-23102.9,15100.8;-22974.6,15029.7;-22935.1,15012.8;-22827.7,14980.7;-22734.5,14968.3;-22650.6,14967.8;-22506.4,14990.7;-22482.4,14987.9;-22319.7,14918.3;-22303.9,14904.0;-22305.0,14874.3;-22294.7,14863.1;-22208.0,14818.5;-22019.6,14784.1;-21843.5,14773.4;-21787.4,14974.6;-21860.3,15009.2;-22089.7,15047.9;-22124.3,15080.8;-22149.0,15094.2;-22168.0,15093.0;-22176.9,15072.2;-22183.2,15067.9;-22264.6,15077.4;-22444.9,15135.4;-22569.1,15152.4;-22882.2,15229.4;-23044.9,15250.8;-23221.0,15290.3;-23392.1,15314.2;-23549.9,15371.2;-23610.9,15376.3;-23684.4,15400.1;-23733.1,15427.2;-23744.9,15445.2;-23749.3,15473.8;-23755.8,15478.7;-23809.3,15487.7;-23929.8,15544.1;-24009.3,15570.2;-24068.9,15596.0;-24131.1,15647.4;-24197.9,15711.7;-24236.5,15757.9;-24265.8,15798.4;-24355.1,15945.0;-24398.0,15986.4;-24415.1,16011.7;-24460.5,16115.2;-24509.3,16159.8;-24546.8,16212.7;-24669.8,16458.9;-24827.9,16817.8;-24864.5,16874.8
남영소류지|reservoir|62.66|-22913.2,21218.0;-22886.6,21218.0;-22861.4,21226.8;-22834.8,21226.1;-22816.3,21204.0;-22648.6,21337.8;-22679.5,21408.3;-22700.9,21396.5;-22746.8,21398.8;-22751.2,21408.3;-22783.0,21407.6;-22773.4,21381.8;-22790.4,21319.1;-22814.8,21291.8;-22913.2,21218.0
지산저수지|reservoir|71.82|-21623.9,23072.8;-21623.0,23038.9;-21612.0,23007.5;-21592.4,22997.4;-21568.6,23021.9;-21554.1,23069.3;-21543.1,23152.4;-21487.1,23241.4;-21435.8,23292.8;-21485.3,23359.5;-21527.0,23335.5;-21577.1,23218.5;-21596.7,23118.5;-21623.9,23072.8
|reservoir|44.96|-21709.5,21471.8;-21725.5,21472.8;-21757.4,21441.3;-21769.4,21437.2;-21781.6,21420.9;-21779.5,21409.3;-21733.2,21370.6;-21708.5,21380.5;-21707.8,21388.4;-21716.1,21394.9;-21718.5,21404.5;-21702.3,21447.6;-21691.5,21459.3;-21709.5,21471.8
오척소류지|pond|65.61|-22299.5,22311.9;-22275.8,22329.0;-22284.1,22353.8;-22311.0,22384.9;-22320.5,22388.8;-22317.5,22343.6;-22308.5,22314.1;-22299.5,22311.9
|pond|6.31|-21666.6,17911.1;-21668.3,17855.7;-21566.8,17828.3;-21561.2,17851.8;-21538.8,17854.6;-21538.8,17863.6;-21603.3,17854.6;-21630.2,17857.4;-21651.5,17870.8;-21659.3,17888.7;-21658.8,17911.7;-21666.6,17911.1
|river|4.98|-20946.1,17697.7;-20726.0,17741.3;-20712.9,17829.3;-20688.9,17929.5;-20809.2,17908.1;-21080.5,17832.1;-21240.8,17805.3;-21270.4,17796.3;-21336.8,17762.5;-21347.0,17763.9;-21370.3,17781.0;-21391.9,17776.8;-21406.7,17767.1;-21451.9,17722.0;-21518.0,17623.4;-21546.3,17565.5;-21610.7,17481.2;-21692.7,17283.5;-21708.8,17233.3;-21740.0,17092.1;-21759.6,16930.6;-21754.7,16914.5;-21719.0,16859.2;-21658.3,16776.2;-21618.0,16691.2;-21605.3,16644.2;-21593.9,16618.9;-21558.5,16572.1;-21365.3,16383.9;-21202.0,16246.7;-21182.8,16226.0;-21122.5,16134.0;-21083.9,16087.7;-20998.8,16009.3;-20952.2,15977.9;-20824.1,15818.8;-20542.5,15528.5;-20518.2,15498.3;-20486.9,15434.0;-20480.6,15400.9;-20477.6,15332.2;-20485.9,15266.9;-20507.9,15162.7;-20520.6,15129.5;-20536.7,15108.6;-20568.4,15090.6;-20696.8,15048.7;-20920.2,15024.3;-20992.9,14999.9;-21081.8,14955.6;-21300.4,14919.1;-21420.7,14912.0;-21492.9,14930.8;-21678.3,14947.1;-21738.6,14971.0;-21787.4,14974.6;-21843.5,14773.4;-21761.5,14795.8;-21724.2,14798.0;-21523.4,14780.7;-21230.3,14728.6;-21151.5,14725.7;-21127.6,14735.4;-21079.1,14768.5;-21026.1,14786.8;-20868.4,14800.6;-20753.6,14840.4;-20630.0,14872.6;-20577.6,14876.8;-20553.0,14889.4;-20496.7,14944.2;-20332.0,15002.4;-20313.4,15019.4;-20309.5,15029.9;-20275.4,15144.9;-20274.9,15159.7;-20281.1,15177.8;-20331.5,15216.9;-20353.2,15263.3;-20354.2,15292.2;-20343.9,15355.6;-20345.4,15413.5;-20357.9,15488.3;-20367.8,15520.2;-20386.4,15553.3;-20396.2,15567.2;-20448.4,15602.3;-20496.9,15691.4;-20602.6,15779.4;-20656.7,15833.9;-20868.0,16113.5;-21058.3,16340.5;-21143.7,16421.9;-21214.0,16459.4;-21225.2,16471.1;-21234.5,16487.6;-21248.4,16552.4;-21281.3,16589.4;-21285.2,16599.9;-21274.0,16670.7;-21281.3,16697.5;-21401.4,16941.1;-21428.7,17024.8;-21444.3,17099.9;-21444.3,17181.7;-21437.5,17227.0;-21412.6,17314.6;-21377.5,17397.9;-21347.2,17446.1;-21310.6,17486.1;-21234.0,17554.3;-21221.6,17572.5;-21209.6,17605.9;-21200.3,17681.9;-21176.2,17700.4;-21156.4,17706.4;-21129.1,17707.7;-21023.4,17694.0;-20946.1,17697.7
오천소류지|reservoir|64.97|-21015.1,21537.2;-20960.7,21571.8;-20966.4,21583.7;-20982.2,21583.9;-21013.0,21605.6;-21063.2,21655.0;-21073.2,21653.1;-21079.6,21642.6;-21077.9,21624.4;-21067.8,21604.4;-21023.2,21546.5;-21023.2,21538.2;-21015.1,21537.2
평기늪|reservoir|9.37|-20290.3,16735.0;-20289.3,16709.2;-20269.3,16638.1;-20246.8,16608.4;-20256.1,16591.4;-20256.1,16571.9;-20236.6,16546.1;-20188.3,16535.4;-20110.2,16638.1;-20110.7,16661.5;-20124.8,16695.1;-20126.3,16740.9;-20137.0,16755.5;-20174.1,16761.4;-20200.0,16788.1;-20220.0,16787.2;-20238.5,16776.4;-20262.9,16744.8;-20290.3,16735.0
|pond|10.75|-20234.1,15494.2;-20221.5,15483.9;-20113.5,15552.5;-20108.3,15566.5;-20112.0,15580.6;-20146.8,15596.8;-20174.9,15594.6;-20206.0,15585.7;-20242.2,15563.6;-20242.2,15538.5;-20234.1,15494.2
평기저수지|pond|27.45|-19982.4,15775.5;-19982.6,15764.5;-19946.0,15716.8;-19936.7,15709.2;-19921.6,15718.2;-19918.2,15738.2;-19943.1,15793.5;-19982.4,15775.5
장자늪|pond|10.88|-19700.3,18164.2;-19664.7,18167.6;-19615.4,18163.0;-19618.6,18172.3;-19653.0,18189.8;-19695.9,18193.5;-19708.6,18168.4;-19700.3,18164.2
웅곡소류지|pond|31.7|-19369.0,21207.9;-19329.0,21202.3;-19329.9,21224.9;-19351.4,21292.6;-19359.2,21289.9;-19366.0,21252.2;-19363.4,21238.6;-19370.4,21227.6;-19369.0,21207.9
|river|7.05|-17544.7,18811.2;-17666.4,19002.5;-17756.7,19125.7;-17819.2,19201.9;-17846.5,19244.6;-17970.9,19553.7;-17996.8,19630.7;-18014.4,19712.0;-18020.2,19761.7;-18017.3,19810.4;-18008.5,19858.6;-17965.6,19960.3;-17605.9,20520.0;-17820.2,20638.5;-17994.4,20350.8;-18026.1,20253.9;-18065.6,20158.0;-18105.1,20101.0;-18149.5,20048.9;-18208.1,19964.2;-18250.5,19899.5;-18282.3,19840.1;-18298.9,19784.5;-18299.8,19712.0;-18288.1,19634.1;-18278.4,19594.2;-18260.3,19549.4;-18079.3,19216.3;-18006.1,19101.4;-17903.6,18984.5;-17814.3,18902.7;-17665.5,18754.7;-17523.0,18582.1;-17506.8,18538.1;-17475.2,18498.9;-17471.1,18484.3;-17482.0,18449.4;-17511.0,18396.0;-17533.0,18370.0;-17626.4,18299.4;-17761.6,18216.3;-17862.4,18177.9;-18021.7,18133.1;-18278.5,18124.4;-18291.3,18129.4;-18298.4,18146.0;-18309.7,18153.8;-18375.7,18166.8;-18394.1,18182.1;-18434.3,18178.4;-18475.6,18204.0;-18502.7,18201.2;-18543.6,18217.3;-18573.6,18213.4;-18603.1,18187.9;-18658.0,18120.6;-18693.6,18065.6;-18709.7,18031.5;-18726.1,17962.9;-18734.9,17898.3;-18732.9,17823.1;-18735.8,17808.7;-18762.4,17754.4;-18775.8,17745.2;-18803.2,17737.4;-18849.3,17732.0;-18916.1,17732.5;-18965.9,17741.3;-19039.1,17762.7;-19110.8,17795.3;-19177.2,17833.3;-19375.1,17959.7;-19460.7,17984.3;-19645.2,18005.2;-19936.0,17990.6;-20688.9,17929.5;-20712.9,17829.3;-20726.0,17741.3;-19896.0,17801.7;-19569.5,17800.7;-19397.3,17774.4;-19347.5,17759.8;-18944.9,17596.6;-18878.3,17574.0;-18827.8,17562.0;-18716.6,17547.4;-18682.6,17550.8;-18597.0,17608.8;-18563.6,17665.7;-18563.1,17680.8;-18572.5,17693.1;-18625.6,17729.1;-18633.4,17740.8;-18637.5,17776.1;-18626.8,17805.8;-18582.1,17882.0;-18577.5,17904.2;-18577.5,17941.4;-18573.1,17952.4;-18519.4,18036.6;-18497.7,18065.4;-18481.8,18078.3;-18441.8,18091.4;-18382.5,18084.4;-18167.3,17975.0;-18130.4,17966.0;-18115.1,17968.0;-18039.0,17994.5;-17940.9,18014.2;-17897.3,18051.7;-17801.1,18089.2;-17649.1,18119.7;-17570.8,18146.5;-17447.8,18224.9;-17382.0,18287.7;-17337.1,18344.7;-17320.0,18374.4;-17306.8,18422.8;-17308.3,18450.6;-17414.4,18595.0;-17421.0,18646.1;-17432.5,18668.7;-17494.3,18712.6;-17513.0,18733.4;-17544.7,18811.2
|river|7.07|-19475.9,12623.7;-19475.2,12473.0;-19459.9,12432.3;-19397.1,12352.5;-19292.6,12317.7;-19244.1,12294.8;-19221.2,12272.7;-19171.9,12171.8;-19129.4,12099.7;-19075.9,12083.5;-19042.8,12064.9;-19022.4,12043.7;-19005.4,12014.8;-19005.4,11990.2;-19018.1,11961.4;-19050.4,11952.9;-19077.6,11929.1;-19086.1,11890.1;-19089.5,11838.3;-19143.0,11574.4;-19100.6,11558.3;-19079.3,11650.8;-19053.0,11798.4;-19039.4,11822.2;-19022.4,11839.2;-19011.3,11841.7;-18983.3,11837.5;-18962.1,11822.2;-18923.0,11780.6;-18874.6,11739.1;-18798.1,11621.1;-18774.3,11558.3;-18646.9,11078.9;-18457.4,10398.3;-18396.2,10424.6;-18518.6,10888.0;-18612.9,11157.8;-18608.6,11183.3;-18596.7,11199.4;-18597.6,11236.7;-18618.8,11266.4;-18643.5,11283.4;-18752.2,11650.8;-18770.1,11698.3;-18829.5,11781.5;-18906.8,11838.3;-18982.5,11912.1;-18980.8,11935.9;-18962.9,11964.8;-18948.5,11974.9;-18932.3,11945.2;-18901.8,11942.7;-18891.6,11963.9;-18925.5,12002.1;-18936.6,12032.6;-18958.7,12054.7;-19030.9,12105.6;-19051.3,12125.1;-19079.3,12120.9;-19100.6,12144.6;-19103.1,12159.9;-19127.7,12170.9;-19158.3,12232.9;-19169.4,12272.7;-19202.5,12326.2;-19235.6,12344.0;-19323.2,12353.3;-19419.2,12425.5;-19442.9,12544.2;-19443.8,12573.9;-19437.2,12600.7;-19475.9,12623.7
못산지|reservoir|74.75|-19103.7,3934.6;-19167.4,3875.8;-19171.2,3869.5;-19170.4,3855.7;-19104.5,3827.0;-19057.4,3788.6;-19033.2,3814.7;-19027.7,3828.9;-19048.7,3900.9;-19063.1,3914.0;-19103.7,3934.6
상광소류지|pond|68.14|-19560.0,4922.9;-19531.1,4914.9;-19489.0,4930.2;-19504.0,4962.0;-19507.9,4962.9;-19539.0,4944.1;-19545.6,4944.6;-19560.0,4922.9
|lake|8.58|-19749.5,13668.8;-19750.3,13645.0;-19741.0,13640.8;-19737.6,13588.2;-19763.1,13589.9;-19765.6,13546.6;-19665.3,13522.0;-19667.9,13671.4;-19749.5,13668.8
|river|4.94|-20289.5,15098.1;-20195.8,15015.4;-20148.5,14960.8;-20098.2,14895.1;-20069.3,14843.4;-20005.0,14701.6;-19925.9,14404.0;-19912.5,14322.0;-19914.0,14255.6;-19937.0,14145.5;-19944.3,14121.9;-19957.0,14101.7;-19998.6,14086.8;-20090.0,14090.5;-20146.1,14075.7;-20185.7,14044.8;-20203.3,14013.4;-20215.9,13978.2;-20192.7,13969.2;-20157.1,14050.1;-20133.5,14067.4;-20059.0,14082.8;-20041.1,14077.8;-20036.6,14062.1;-19992.3,14048.7;-19985.6,14067.2;-19974.1,14073.3;-19964.3,14072.5;-19944.6,14057.6;-19946.6,13975.1;-19943.5,13960.0;-19947.1,13936.5;-19950.5,13932.2;-19971.8,13935.2;-19968.0,13921.2;-19946.3,13911.0;-19941.6,13835.1;-19944.2,13827.9;-19961.2,13831.3;-19969.7,13826.2;-19986.2,13797.3;-20001.5,13751.1;-20011.7,13734.1;-20011.3,13690.9;-19999.4,13688.7;-19993.4,13713.3;-19982.8,13723.5;-19945.9,13807.9;-19941.2,13810.5;-19932.7,13609.4;-19889.4,13496.6;-19884.7,13468.6;-19897.4,13421.9;-19881.3,13370.6;-19846.0,13309.5;-19815.5,13202.2;-19795.5,13174.6;-19761.5,13156.0;-19683.3,13135.2;-19618.3,13089.4;-19606.9,13070.3;-19598.8,13034.7;-19603.5,12954.5;-19600.5,12932.9;-19590.3,12912.9;-19594.2,12883.9;-19564.4,12836.4;-19536.4,12826.8;-19500.5,12798.3;-19491.0,12772.6;-19492.1,12714.3;-19475.9,12623.7;-19437.2,12600.7;-19420.9,12620.3;-19385.1,12647.2;-19372.7,12664.5;-19368.3,12699.2;-19372.7,12713.8;-19400.2,12757.4;-19410.3,12790.5;-19427.7,12805.6;-19457.9,12815.1;-19507.2,12852.5;-19541.7,12889.3;-19552.9,12909.8;-19562.8,12998.1;-19552.7,13079.8;-19575.6,13121.3;-19645.7,13180.0;-19679.9,13194.0;-19739.9,13204.1;-19766.8,13223.7;-19778.6,13245.0;-19789.8,13280.8;-19790.3,13305.4;-19853.1,13468.8;-19903.0,13636.2;-19919.3,13898.7;-19919.8,13973.7;-19914.8,14067.1;-19901.9,14115.8;-19899.1,14173.5;-19884.5,14214.3;-19876.7,14265.8;-19875.5,14341.9;-19917.0,14522.1;-19938.3,14644.1;-19995.5,14787.4;-20038.1,14880.3;-20078.4,14944.1;-20196.8,15100.5;-20242.1,15136.6;-20275.4,15144.9;-20289.5,15098.1
|pond|4.73|-19951.9,9163.0;-19979.4,9166.2;-19980.6,9162.5;-19963.0,9149.8;-19961.7,9123.2;-19977.3,9108.4;-19967.9,9097.0;-19945.1,9110.0;-19935.0,9110.3;-19946.1,9156.8;-19951.9,9163.0
|lake|10.44|-20040.9,8757.4;-19961.9,8629.2;-19956.5,8636.5;-19968.7,8673.1;-19962.4,8698.4;-19968.2,8711.1;-19950.7,8722.3;-19896.0,8795.9;-19977.0,8763.3;-19954.1,8732.1;-19961.9,8727.2;-19974.1,8748.6;-20007.8,8743.8;-20016.1,8767.2;-20040.9,8757.4
|pond|9.65|-20544.3,8951.0;-20553.9,8933.7;-20564.9,8896.3;-20559.7,8875.1;-20539.1,8851.3;-20508.2,8833.3;-20447.1,8823.7;-20366.6,8832.0;-20381.4,8868.0;-20329.9,8880.3;-20319.6,8868.0;-20309.9,8871.9;-20340.2,8971.0;-20461.1,8930.8;-20544.3,8951.0
외동지|reservoir|26.17|-20400.7,6883.1;-20460.6,6936.0;-20486.1,6942.3;-20496.9,6918.4;-20491.8,6877.2;-20495.2,6836.0;-20435.1,6812.0;-20413.5,6828.8;-20399.7,6848.5;-20400.7,6883.1
내동지|reservoir|45.24|-20537.6,6481.8;-20557.8,6420.7;-20551.6,6394.9;-20535.4,6397.1;-20508.5,6422.4;-20478.2,6419.6;-20456.3,6407.8;-20441.2,6412.8;-20435.0,6428.5;-20436.7,6456.0;-20485.5,6483.4;-20537.6,6481.8
부정골소류지|pond|87.61|-20511.7,3881.3;-20513.8,3857.0;-20495.2,3830.0;-20485.1,3828.8;-20473.9,3836.2;-20463.4,3854.2;-20459.1,3874.2;-20511.7,3881.3
도읍내동소류지|reservoir|95.26|-19880.1,5559.4;-19897.9,5545.8;-19919.2,5515.0;-19876.2,5500.7;-19856.5,5456.3;-19847.9,5460.4;-19834.5,5513.0;-19832.6,5546.5;-19880.1,5559.4
도동소류지|reservoir|58.84|-19840.5,6178.3;-19862.3,6119.1;-19851.8,5996.5;-19843.5,5962.5;-19825.8,5947.7;-19806.5,5943.3;-19813.9,5966.9;-19803.6,6012.8;-19734.0,6136.9;-19840.5,6178.3
|pond|145.88|-19970.7,-5257.8;-20041.8,-5289.7;-20046.2,-5304.4;-20043.7,-5314.7;-20033.9,-5324.0;-20020.7,-5323.5;-19971.7,-5310.8;-19943.3,-5292.6;-19919.8,-5288.2;-19946.7,-5284.8;-19970.7,-5257.8
분지저수지|reservoir|215.32|-19759.9,-3428.6;-19745.8,-3499.0;-19638.9,-3538.4;-19628.7,-3518.7;-19640.5,-3504.0;-19659.1,-3429.1;-19679.9,-3417.9;-19749.7,-3411.1;-19759.9,-3428.6
미산저수지|reservoir|120.05|-19662.2,2420.6;-19634.2,2394.1;-19543.4,2387.3;-19521.5,2375.2;-19513.1,2342.7;-19465.9,2321.0;-19454.4,2318.2;-19403.0,2335.8;-19372.1,2320.9;-19355.7,2252.2;-19330.1,2219.2;-19322.8,2170.1;-19314.8,2172.2;-19309.5,2293.5;-19294.9,2336.7;-19295.9,2437.3;-19336.8,2489.5;-19355.8,2504.4;-19457.9,2500.8;-19520.7,2483.4;-19662.2,2420.6
미산소류지|reservoir|100.4|-19045.2,2578.9;-19070.3,2547.2;-19071.9,2538.0;-19046.9,2507.6;-19032.1,2506.3;-19003.6,2519.5;-18985.6,2536.7;-19011.2,2577.6;-19045.2,2578.9
곡안저수지|reservoir|66.07|-18942.4,-9149.9;-18827.3,-9172.5;-18815.2,-9165.1;-18810.1,-9070.5;-18804.5,-9052.5;-18819.1,-8987.7;-18834.9,-8959.0;-18848.6,-8962.9;-18851.2,-8984.9;-18864.7,-9018.7;-18912.8,-9072.5;-18931.1,-9084.0;-18937.9,-9103.7;-18942.4,-9149.9
|pond|23.74|-19111.0,-14512.4;-19107.7,-14522.3;-19082.9,-14548.7;-19061.9,-14557.2;-19054.2,-14551.1;-19062.3,-14528.7;-19085.6,-14496.5;-19111.0,-14512.4
|lake|57.79|-19072.9,-12586.8;-19073.4,-12572.0;-19058.1,-12569.6;-19048.5,-12556.7;-19031.8,-12438.9;-19044.7,-12425.1;-19066.2,-12425.1;-19104.0,-12434.6;-19136.0,-12450.0;-19202.4,-12459.0;-19223.0,-12476.3;-19223.9,-12496.4;-19210.1,-12514.1;-19108.3,-12597.4;-19090.6,-12601.2;-19072.9,-12586.8
|lake|35.63|-19364.7,-14330.1;-19364.4,-14349.7;-19360.0,-14355.0;-19351.2,-14353.8;-19272.7,-14329.8;-19247.7,-14314.6;-19257.2,-14298.5;-19277.4,-14293.1;-19335.1,-14325.7;-19344.9,-14326.6;-19360.3,-14321.6;-19385.9,-14302.6;-19390.6,-14284.3;-19341.1,-14273.6;-19285.0,-14246.7;-19248.7,-14222.7;-19242.4,-14215.4;-19246.8,-14206.6;-19337.3,-14191.4;-19418.0,-14213.5;-19426.5,-14225.9;-19422.4,-14263.4;-19409.5,-14279.6;-19397.5,-14280.8;-19393.7,-14296.6;-19364.7,-14330.1
|lake|60.39|-19375.4,-12447.1;-19375.4,-12468.6;-19364.9,-12483.0;-19310.0,-12493.5;-19304.2,-12502.1;-19295.6,-12503.1;-19283.2,-12490.2;-19242.1,-12494.0;-19220.1,-12449.0;-19233.5,-12445.6;-19242.6,-12436.1;-19277.9,-12429.4;-19310.0,-12431.3;-19351.5,-12446.1;-19357.8,-12435.6;-19371.1,-12438.9;-19375.4,-12447.1
|pond|30.12|-19647.1,-14790.0;-19601.7,-14823.5;-19564.9,-14778.5;-19614.6,-14745.5;-19647.1,-14790.0
|pond|84.68|-19421.2,-19675.8;-19412.2,-19713.2;-19385.6,-19710.9;-19362.5,-19700.2;-19352.3,-19687.7;-19351.2,-19662.3;-19369.3,-19657.7;-19404.8,-19661.7;-19421.2,-19675.8
|pond|53.44|-19305.2,-20181.8;-19307.2,-20233.0;-19242.4,-20230.6;-19239.9,-20219.3;-19299.3,-20176.9;-19305.2,-20181.8
|lake|77.89|-18857.1,-20927.4;-18786.4,-21033.4;-18760.1,-21000.9;-18686.1,-20951.7;-18665.8,-20931.4;-18628.6,-20818.2;-18654.5,-20786.0;-18674.9,-20806.4;-18738.1,-20800.7;-18768.5,-20820.5;-18770.1,-20834.7;-18765.9,-20848.5;-18777.0,-20857.3;-18793.5,-20848.9;-18808.9,-20868.4;-18835.0,-20885.9;-18855.4,-20915.0;-18857.1,-20927.4
남촌큰소류지|pond|29.17|-20115.8,-19738.2;-20082.0,-19789.1;-20024.4,-19772.1;-20061.7,-19710.0;-20115.8,-19738.2
남촌작은소류지|pond|39.39|-19875.2,-19726.3;-19850.4,-19775.5;-19814.2,-19761.9;-19841.9,-19708.7;-19875.2,-19726.3
|canal|1.32|-20274.1,-15413.3;-20236.3,-15539.7;-20204.8,-15621.1;-20177.0,-15671.8;-20146.9,-15712.0;-20143.1,-15860.0;-20134.5,-15897.8;-20113.9,-15920.8;-19915.6,-16044.8;-19877.7,-16080.0;-19869.6,-16058.3;-19929.4,-16012.2;-20074.7,-15927.0;-20122.1,-15884.9;-20127.8,-15860.5;-20129.7,-15717.8;-20148.8,-15681.9;-20147.9,-15676.1;-20185.6,-15615.8;-20221.0,-15520.0;-20235.8,-15463.1;-20240.6,-15459.7;-20211.9,-15560.3;-20223.4,-15556.4;-20258.8,-15436.7;-20274.1,-15413.3
|pond|35.88|-19607.1,-14656.1;-19644.6,-14640.5;-19685.4,-14636.2;-19696.2,-14646.7;-19704.0,-14665.9;-19708.0,-14684.8;-19705.2,-14703.8;-19685.9,-14723.9;-19658.9,-14738.1;-19640.8,-14720.9;-19635.4,-14705.6;-19615.7,-14692.9;-19598.1,-14672.9;-19598.3,-14666.0;-19607.1,-14656.1
|pond|34.92|-19701.8,-11327.9;-19689.0,-11344.1;-19673.9,-11340.1;-19676.8,-11257.7;-19700.3,-11282.7;-19701.8,-11327.9
|lake|40.3|-20090.2,-11718.4;-20084.0,-11721.3;-20062.6,-11695.3;-20030.5,-11712.8;-20000.7,-11719.6;-19947.2,-11715.1;-19869.0,-11681.2;-19856.1,-11668.9;-19848.8,-11633.9;-19804.3,-11601.8;-19752.0,-11591.7;-19743.0,-11584.3;-19819.5,-11444.6;-19851.6,-11460.3;-19870.7,-11480.1;-19889.8,-11490.8;-19917.8,-11493.9;-19960.7,-11520.1;-19977.6,-11542.1;-20019.8,-11559.0;-20050.2,-11608.5;-20050.8,-11651.4;-20071.1,-11659.4;-20060.1,-11666.5;-20060.7,-11671.4;-20090.2,-11718.4
|pond|44.65|-20136.0,-11038.7;-20135.3,-11050.6;-20013.5,-11051.3;-20016.8,-11023.1;-20032.8,-11018.6;-20055.8,-11020.5;-20079.6,-11014.5;-20117.1,-11020.5;-20126.7,-11022.7;-20136.0,-11038.7
|reservoir|16.12|-20198.9,-14507.7;-20195.2,-14517.3;-20133.2,-14539.4;-20118.0,-14530.1;-20115.8,-14522.3;-20128.2,-14483.9;-20126.6,-14459.4;-20157.0,-14413.9;-20171.3,-14400.3;-20179.4,-14412.1;-20198.9,-14507.7
|pond|59.58|-20294.8,-12067.4;-20294.0,-12107.6;-20287.7,-12123.9;-20268.0,-12128.0;-20255.8,-12122.8;-20246.9,-12067.0;-20289.2,-12061.8;-20294.8,-12067.4
금봉소류지|reservoir|62.08|-20553.1,-13359.1;-20468.6,-13345.9;-20482.3,-13305.2;-20533.4,-13239.2;-20554.2,-13205.1;-20546.0,-13165.5;-20552.6,-13159.5;-20569.6,-13185.9;-20585.5,-13230.4;-20571.8,-13245.8;-20566.3,-13265.6;-20582.2,-13311.8;-20576.7,-13315.7;-20564.1,-13313.4;-20553.1,-13359.1
|pond|39.88|-21289.8,-14314.2;-21265.4,-14341.0;-21216.2,-14302.6;-21256.1,-14286.3;-21281.5,-14294.7;-21287.8,-14300.1;-21289.8,-14314.2
|pond|83.63|-21182.8,-12274.9;-21185.3,-12296.4;-21158.8,-12310.9;-21132.3,-12340.6;-21121.6,-12325.5;-21109.0,-12292.0;-21099.5,-12288.8;-21100.8,-12278.7;-21108.4,-12271.8;-21182.8,-12274.9
당항소류지|reservoir|23.49|-21315.3,-15945.1;-21270.8,-15988.9;-21260.1,-15978.6;-21253.3,-15931.9;-21263.0,-15910.9;-21269.1,-15877.4;-21281.1,-15855.0;-21304.8,-15905.5;-21315.3,-15945.1
하감소류지|reservoir|22.87|-21569.7,-20897.0;-21667.3,-20959.7;-21620.5,-20994.9;-21607.0,-20999.1;-21540.2,-20989.0;-21553.9,-20936.6;-21569.7,-20897.0
|pond|32.38|-21857.9,-21121.6;-21834.2,-21150.4;-21818.4,-21156.7;-21804.3,-21152.1;-21799.2,-21140.3;-21800.3,-21127.8;-21813.9,-21105.2;-21835.3,-21108.6;-21857.9,-21121.6
|canal|14.52|-22317.3,-15296.5;-22289.5,-15287.8;-22241.9,-15148.0;-22216.2,-15087.1;-22217.5,-15060.1;-22237.3,-15070.5;-22298.6,-15271.2;-22317.3,-15296.5
웅곡소류지|reservoir|49.37|-21575.3,-13981.5;-21495.7,-13958.9;-21504.5,-13921.5;-21542.9,-13842.9;-21566.5,-13845.7;-21573.7,-13851.7;-21586.9,-13933.1;-21575.3,-13955.1;-21575.3,-13981.5
삼덕저수지|reservoir|71.73|-21662.7,-11808.3;-21665.4,-11782.9;-21670.8,-11773.8;-21640.3,-11715.7;-21592.9,-11707.1;-21577.5,-11675.8;-21579.7,-11628.5;-21567.5,-11602.6;-21582.6,-11551.6;-21580.5,-11534.3;-21632.8,-11561.6;-21649.5,-11598.3;-21662.7,-11607.5;-21740.9,-11624.5;-21776.7,-11617.2;-21831.5,-11580.5;-21936.9,-11532.2;-21989.5,-11487.9;-21995.1,-11476.0;-22063.3,-11436.6;-22080.3,-11419.3;-22111.3,-11410.4;-22103.0,-11417.4;-22116.7,-11425.3;-22124.0,-11441.7;-22123.2,-11460.1;-22083.3,-11502.2;-22023.4,-11542.7;-21904.8,-11683.1;-21899.4,-11706.5;-21890.8,-11711.9;-21862.5,-11795.7;-21840.6,-11842.9;-21662.7,-11808.3
|pond|71.63|-22079.7,-7209.8;-22007.2,-7314.6;-21992.4,-7314.0;-21994.3,-7282.3;-22016.3,-7216.3;-22020.2,-7199.5;-22016.9,-7187.8;-22021.5,-7180.7;-22031.2,-7181.4;-22079.7,-7209.8
오곡저수지|reservoir|185.54|-22247.0,1080.3;-22288.9,1073.2;-22307.9,1053.4;-22341.5,966.2;-22321.5,937.8;-22312.5,933.3;-22300.5,938.0;-22254.4,967.4;-22224.2,978.4;-22225.1,1004.0;-22245.1,1046.6;-22239.7,1067.6;-22247.0,1080.3
사촌소류지|reservoir|127.26|-22219.0,2739.0;-22284.4,2635.8;-22256.5,2622.9;-22180.7,2567.8;-22114.8,2543.1;-22105.3,2546.6;-22104.8,2557.5;-22122.4,2603.6;-22104.5,2630.2;-22157.5,2677.1;-22163.6,2696.3;-22219.0,2739.0
여양저수지|lake|159.31|-21689.0,-1622.5;-21596.0,-1727.4;-21587.1,-1731.3;-21557.7,-1709.3;-21516.1,-1695.5;-21469.1,-1635.8;-21432.3,-1567.2;-21416.6,-1503.9;-21417.6,-1487.8;-21443.1,-1470.6;-21441.6,-1444.6;-21458.8,-1448.6;-21475.9,-1441.2;-21507.8,-1450.0;-21522.0,-1466.2;-21571.0,-1484.8;-21594.5,-1518.6;-21626.3,-1580.4;-21675.8,-1607.8;-21689.0,-1622.5
|pond|140.65|-21666.8,-3925.2;-21664.8,-3953.1;-21656.0,-3981.1;-21581.5,-3961.5;-21582.0,-3953.1;-21590.8,-3940.9;-21597.2,-3942.3;-21600.1,-3935.0;-21610.9,-3938.9;-21633.4,-3927.1;-21661.4,-3920.8;-21666.8,-3925.2
평암저수지|reservoir|118.15|-21810.2,-5516.7;-21835.8,-5707.4;-21746.4,-5752.6;-21495.2,-5742.3;-21308.5,-5701.0;-21119.2,-5628.9;-21060.0,-5556.7;-20758.6,-5376.3;-20611.8,-5344.1;-20545.9,-5275.8;-20534.5,-5249.5;-20483.8,-5219.9;-20499.0,-5212.8;-20587.7,-5196.8;-20636.5,-5222.8;-20713.2,-5226.8;-20729.8,-5274.0;-20778.9,-5294.1;-20803.5,-5285.4;-20827.3,-5307.3;-20880.1,-5336.1;-21296.6,-5486.1;-21356.8,-5487.2;-21490.1,-5527.1;-21544.2,-5494.9;-21580.5,-5481.5;-21633.9,-5476.7;-21665.1,-5466.4;-21673.2,-5494.4;-21707.9,-5495.7;-21737.4,-5479.9;-21810.2,-5516.7
인곡저수지|reservoir|29.48|-21079.8,5388.5;-21144.0,5331.2;-21078.8,5288.5;-21066.1,5271.4;-21064.7,5253.9;-21078.3,5219.3;-21063.7,5211.9;-21029.5,5220.7;-21015.9,5207.6;-20997.8,5182.2;-20990.0,5158.8;-20987.6,5138.8;-20994.9,5120.7;-20947.1,5073.0;-20905.1,5008.6;-20889.5,5002.2;-20865.1,4981.3;-20836.8,4945.2;-20805.6,4949.6;-20790.4,4957.9;-20792.9,4988.1;-20802.6,5010.5;-20831.4,5039.3;-20846.6,5067.1;-20851.9,5095.9;-20841.2,5140.7;-20887.1,5233.9;-20890.5,5256.8;-20903.2,5279.3;-20945.1,5317.8;-21003.7,5354.8;-21022.7,5374.3;-21063.7,5388.5;-21079.8,5388.5
못둑소류지|reservoir|39.54|-20835.8,5739.1;-20837.8,5727.4;-20831.4,5718.2;-20801.7,5690.4;-20790.9,5668.4;-20777.7,5658.2;-20735.3,5660.6;-20714.8,5672.3;-20710.9,5682.6;-20725.0,5746.4;-20744.1,5775.2;-20835.8,5739.1
고심이소류지|reservoir|102.17|-20622.8,3167.1;-20664.3,3098.3;-20644.3,3057.3;-20641.9,3034.1;-20632.8,3027.3;-20618.4,3027.8;-20606.5,3041.2;-20595.3,3067.1;-20562.6,3100.5;-20560.8,3113.2;-20567.9,3126.8;-20622.8,3167.1
|pond|7.6|-21776.4,12442.7;-21788.3,12414.9;-21800.3,12402.0;-21782.5,12381.8;-21765.9,12381.8;-21759.3,12434.2;-21776.4,12442.7
|lake|9.43|-21783.5,12630.8;-21783.5,12615.3;-21766.8,12608.3;-21773.2,12535.0;-21789.3,12505.4;-21790.6,12491.2;-21780.9,12468.7;-21739.7,12443.7;-21681.1,12572.3;-21704.3,12628.2;-21762.3,12638.5;-21783.5,12630.8
|lake|8.35|-21808.4,12739.2;-21833.7,12687.7;-21809.6,12649.1;-21693.0,12662.5;-21690.7,12681.5;-21681.2,12696.6;-21643.6,12703.4;-21631.3,12699.4;-21624.6,12687.1;-21626.3,12668.1;-21613.4,12668.1;-21601.6,12691.0;-21585.3,12692.2;-21508.0,12813.1;-21531.5,12832.1;-21529.8,12808.0;-21538.8,12786.8;-21594.3,12706.7;-21643.6,12720.1;-21650.9,12711.8;-21676.1,12708.9;-21691.8,12714.0;-21704.7,12707.3;-21738.4,12704.5;-21808.4,12739.2
묘동저수지|reservoir|23.7|-21721.2,10913.9;-21739.4,10906.7;-21781.5,10850.7;-21744.1,10801.0;-21684.2,10860.0;-21711.6,10908.2;-21721.2,10913.9
선왕소류지|reservoir|26.01|-21420.1,9098.8;-21433.5,9181.7;-21462.7,9199.6;-21471.6,9198.4;-21478.4,9186.1;-21507.5,9158.1;-21519.9,9154.8;-21525.5,9141.3;-21536.7,9140.2;-21544.5,9114.5;-21516.5,9092.1;-21468.3,9099.9;-21420.1,9098.8
기일골소류지|reservoir|50.84|-21517.2,3991.5;-21631.6,4015.7;-21631.1,3977.7;-21610.2,3951.1;-21607.4,3927.9;-21595.5,3916.0;-21588.4,3879.5;-21580.8,3862.4;-21564.2,3850.1;-21549.0,3853.9;-21529.1,3925.5;-21530.9,3956.4;-21517.2,3991.5
절골소류지|reservoir|38.91|-21839.2,4709.2;-21853.9,4683.5;-21851.4,4643.8;-21833.5,4625.5;-21829.6,4615.9;-21831.3,4606.6;-21800.2,4613.4;-21793.1,4618.7;-21786.6,4684.5;-21839.2,4709.2
상곡소류지|reservoir|49.54|-22176.1,5588.8;-22215.8,5595.2;-22237.5,5596.5;-22240.1,5592.7;-22245.0,5572.7;-22240.5,5567.1;-22244.4,5541.6;-22239.6,5534.1;-22242.9,5510.5;-22233.0,5471.0;-22226.5,5469.3;-22215.2,5504.9;-22205.3,5510.9;-22195.6,5537.9;-22182.3,5541.2;-22170.3,5573.6;-22176.1,5588.8
|lake|45.17|-22278.2,10281.0;-22293.4,10260.1;-22301.2,10236.2;-22273.4,10223.5;-22253.8,10207.4;-22245.5,10187.0;-22220.2,10169.9;-22205.0,10171.4;-22196.7,10178.2;-22197.2,10286.9;-22202.1,10291.3;-22234.3,10288.8;-22278.2,10281.0
|lake|20.8|-22080.8,11314.6;-22065.1,11276.0;-22053.3,11272.6;-21993.3,11277.1;-21960.8,11286.6;-21958.6,11310.7;-21967.0,11347.1;-21977.6,11347.6;-22037.6,11343.2;-22055.0,11325.2;-22080.8,11314.6
절골소류지|reservoir|54.12|-22567.1,8774.8;-22587.6,8767.0;-22607.2,8748.0;-22621.8,8729.9;-22623.3,8713.4;-22538.4,8660.1;-22486.1,8730.4;-22567.1,8774.8
필동소류지|reservoir|33.26|-22849.5,8214.5;-22820.9,8222.9;-22763.2,8284.5;-22829.3,8327.6;-22887.0,8329.9;-22894.3,8336.6;-22882.6,8347.2;-22891.0,8359.0;-22906.1,8365.7;-22933.0,8362.3;-22944.2,8344.4;-22941.4,8310.8;-22911.7,8280.6;-22875.8,8258.7;-22849.5,8214.5
고심이못|pond|81.03|-22778.4,3683.9;-22790.9,3655.1;-22789.9,3640.7;-22750.9,3631.4;-22730.4,3635.3;-22721.8,3663.2;-22733.5,3676.1;-22755.5,3684.6;-22778.4,3683.9
절골소류지|reservoir|99.1|-22651.3,3099.0;-22668.5,3101.4;-22758.2,3075.9;-22761.3,3065.5;-22745.8,3042.8;-22718.9,3018.6;-22662.0,2995.9;-22639.5,2993.8;-22573.3,2969.3;-22554.7,2990.0;-22592.3,3041.0;-22651.3,3099.0
춘곡소류지|reservoir|37.03|-22611.9,5901.6;-22552.3,5970.2;-22573.4,5983.9;-22606.0,6020.5;-22648.6,5941.0;-22645.2,5923.6;-22647.0,5898.8;-22634.3,5887.3;-22629.0,5889.2;-22611.9,5901.6
|lake|135.17|-22800.0,664.6;-22788.8,624.1;-22780.0,609.5;-22753.2,626.6;-22727.8,631.5;-22723.9,640.7;-22717.5,642.2;-22716.6,663.2;-22721.4,667.6;-22712.2,673.4;-22718.5,697.3;-22732.7,701.2;-22798.0,674.4;-22800.0,664.6
원산저수지|reservoir|120.16|-22716.8,-3300.3;-22650.1,-3267.0;-22703.0,-3134.2;-22717.2,-3121.4;-22727.5,-3122.9;-22720.2,-3132.7;-22726.1,-3136.6;-22742.2,-3137.1;-22735.4,-3160.1;-22738.3,-3237.6;-22716.8,-3300.3
봉암1소류지|pond|85.77|-23214.7,-7770.4;-23200.3,-7783.1;-23175.9,-7780.9;-23151.0,-7773.6;-23121.7,-7754.8;-23150.8,-7741.4;-23166.9,-7741.4;-23214.7,-7770.4
|lake|140.18|-22913.2,629.0;-22902.0,606.1;-22846.4,564.6;-22834.6,547.5;-22821.0,539.7;-22797.6,544.6;-22795.1,532.4;-22781.0,544.1;-22780.0,573.9;-22795.6,596.3;-22810.2,658.8;-22913.2,629.0
점골소류지|reservoir|126.92|-23606.9,-1884.1;-23618.4,-1865.8;-23656.6,-1849.8;-23683.9,-1901.5;-23690.4,-1926.8;-23632.5,-1948.7;-23626.9,-1943.9;-23641.5,-1904.0;-23638.9,-1899.0;-23617.6,-1895.6;-23606.9,-1884.1
|lake|105.58|-23808.1,-7325.0;-23776.6,-7316.0;-23719.2,-7322.2;-23701.7,-7312.1;-23700.6,-7252.9;-23776.0,-7272.6;-23801.6,-7290.9;-23811.6,-7305.2;-23808.1,-7325.0
내동소류지|reservoir|128.65|-23969.6,-5649.8;-23954.7,-5667.7;-23925.2,-5683.3;-23905.2,-5645.7;-23874.9,-5604.2;-23871.5,-5592.0;-23877.3,-5578.8;-23880.0,-5548.5;-23906.1,-5546.8;-23969.6,-5649.8
외곡소류지|pond|100.27|-24042.6,-4101.6;-24036.6,-4109.6;-24042.6,-4121.0;-24033.0,-4119.8;-24023.0,-4129.0;-24021.5,-4138.8;-24009.0,-4157.2;-24011.3,-4170.8;-24006.9,-4170.0;-24005.9,-4183.1;-23996.3,-4180.6;-23980.6,-4149.5;-23987.9,-4143.0;-23979.8,-4102.9;-23983.9,-4088.2;-23998.1,-4078.0;-24037.0,-4093.7;-24042.6,-4101.6
절골소류지|pond|133.68|-24160.9,-539.8;-24095.2,-529.5;-24092.1,-515.1;-24104.0,-507.1;-24126.7,-504.6;-24146.5,-489.5;-24158.9,-490.5;-24162.1,-492.2;-24160.9,-539.8
동촌소류지|reservoir|84.44|-23997.8,-2961.7;-24027.1,-3049.3;-23978.1,-3061.4;-23942.0,-3018.0;-23936.2,-2979.0;-23957.8,-2963.1;-23997.8,-2961.7
구못|pond|42.84|-24067.9,4965.4;-24085.0,4931.0;-24080.8,4913.2;-24050.3,4924.2;-24040.6,4939.3;-24029.3,4975.4;-24030.3,4984.9;-24035.5,4990.0;-24067.9,4965.4
새내미못|reservoir|44.98|-23751.9,7294.6;-23737.8,7242.0;-23723.6,7220.0;-23652.4,7251.7;-23651.4,7265.4;-23658.7,7299.5;-23751.9,7294.6
마흔제못|pond|59.63|-23537.7,4782.8;-23541.1,4737.9;-23480.9,4735.9;-23464.3,4755.5;-23459.9,4773.7;-23537.7,4782.8
뒷골못|reservoir|58.17|-23352.5,5249.5;-23400.8,5193.7;-23348.1,5155.6;-23339.1,5157.1;-23318.6,5178.8;-23307.6,5203.4;-23308.9,5217.8;-23352.5,5249.5
지계실못|pond|44.51|-23546.5,8438.2;-23562.4,8430.6;-23595.3,8391.6;-23568.0,8344.6;-23552.1,8326.8;-23534.8,8342.9;-23547.7,8389.4;-23546.5,8438.2
|pond|42.6|-23615.3,5939.1;-23614.3,5922.0;-23605.1,5910.3;-23588.0,5914.7;-23557.7,5932.2;-23543.1,5947.3;-23544.1,5962.0;-23554.3,5979.1;-23569.9,5986.4;-23580.7,5980.0;-23615.3,5939.1
|reservoir|45.89|-23496.7,8876.7;-23483.1,8851.8;-23457.7,8823.1;-23430.4,8828.9;-23418.7,8850.4;-23417.2,8901.1;-23429.9,8914.7;-23463.1,8920.6;-23493.3,8899.1;-23496.7,8876.7
봉산소류지|reservoir|49.13|-23388.9,10368.3;-23292.8,10378.0;-23294.0,10391.4;-23320.3,10402.9;-23333.5,10421.9;-23357.2,10426.0;-23397.9,10408.0;-23403.8,10398.0;-23388.9,10368.3
새시골소류지|reservoir|46.77|-24012.0,9611.8;-24030.1,9591.8;-24029.6,9582.1;-24009.6,9572.8;-23987.1,9579.6;-23959.3,9567.0;-23917.4,9491.4;-23885.2,9503.6;-23873.4,9519.2;-23905.7,9582.5;-23903.7,9640.6;-23948.1,9661.0;-24012.0,9611.8
우거소류지|pond|25.65|-24099.9,11880.8;-24111.3,11831.4;-24081.6,11829.9;-24067.9,11822.4;-24057.2,11823.3;-24049.4,11831.9;-24043.5,11846.0;-24099.9,11880.8
|lake|20.75|-24605.8,7356.0;-24593.9,7289.8;-24559.1,7280.5;-24513.2,7258.4;-24475.8,7223.6;-24463.9,7191.3;-24458.8,7150.5;-24463.9,7110.6;-24460.5,7092.8;-24425.7,7096.2;-24463.0,7368.8;-24468.2,7384.1;-24479.2,7389.2;-24582.9,7379.8;-24602.5,7371.3;-24605.8,7356.0
당산소류지|pond|23.7|-24999.7,8889.8;-25013.1,8875.2;-24983.8,8824.3;-24950.9,8825.5;-24948.4,8877.2;-24981.4,8890.3;-24999.7,8889.8
|lake|9.71|-24880.9,13798.6;-24875.0,13713.0;-24847.8,13657.8;-24858.0,13627.3;-24844.4,13583.2;-24827.4,13546.7;-24726.3,13373.6;-24670.2,13326.1;-24637.1,13288.8;-24617.6,13233.7;-24609.1,13188.7;-24594.6,13176.8;-24570.8,13215.8;-24552.1,13276.9;-24556.4,13329.5;-24578.5,13383.8;-24619.3,13436.4;-24666.0,13480.5;-24693.2,13536.5;-24704.2,13586.6;-24756.1,13657.0;-24779.8,13680.7;-24836.8,13694.3;-24859.7,13706.2;-24869.0,13734.2;-24880.9,13798.6
미림소류지|pond|33.41|-25821.9,6190.0;-25879.7,6189.7;-25888.3,6185.1;-25896.6,6152.4;-25892.9,6145.1;-25828.3,6140.7;-25821.9,6190.0
명관저수지|reservoir|64.08|-25639.6,3944.2;-25845.7,4019.7;-25875.4,3944.8;-25908.8,3717.8;-25916.9,3506.6;-25879.1,3355.4;-25851.2,3196.2;-25788.7,3162.2;-25748.5,3091.7;-25686.5,3111.4;-25644.0,3088.4;-25622.7,3161.7;-25678.7,3303.0;-25697.8,3332.9;-25737.3,3419.6;-25752.1,3518.8;-25721.7,3752.3;-25698.3,3825.6;-25639.6,3944.2
서재골못|reservoir|69.21|-25406.7,4028.7;-25372.2,3896.5;-25366.2,3895.1;-25355.7,3906.3;-25356.6,3940.0;-25331.5,3988.7;-25328.3,4005.3;-25332.0,4030.9;-25406.7,4028.7
서재골소류지|reservoir|83.4|-25252.0,2697.1;-25292.2,2605.6;-25190.7,2579.0;-25163.9,2580.0;-25147.0,2589.3;-25140.7,2598.8;-25140.5,2607.5;-25213.9,2641.9;-25218.3,2656.8;-25211.5,2686.8;-25222.4,2705.8;-25252.0,2697.1
명지지|reservoir|123.91|-25380.1,1502.5;-25377.9,1486.9;-25361.5,1457.7;-25343.2,1444.0;-25320.8,1440.8;-25299.1,1449.4;-25289.5,1467.9;-25324.2,1527.4;-25380.1,1502.5
부곡지|reservoir|92.89|-25850.7,2093.6;-25858.0,2076.3;-25845.8,2011.6;-25812.6,1935.5;-25803.9,1939.4;-25797.0,2014.6;-25783.9,2074.1;-25850.7,2093.6
|reservoir|211.35|-25907.3,-8559.8;-25894.5,-8621.1;-25797.0,-8590.6;-25806.1,-8569.3;-25819.2,-8554.1;-25836.4,-8545.9;-25907.3,-8559.8
시동저수지|reservoir|117.37|-25188.5,-6973.4;-25200.7,-6996.4;-25233.9,-7130.2;-25220.2,-7143.4;-25196.8,-7148.2;-25180.2,-7102.8;-25125.1,-7032.0;-25126.1,-6988.1;-25188.5,-6973.4
계룡소류지|lake|110.74|-24999.3,-4964.9;-24983.4,-5040.2;-24943.4,-5040.2;-24838.5,-5013.8;-24826.9,-5008.7;-24825.0,-4995.8;-24857.8,-4973.2;-24891.9,-4976.4;-24897.1,-4968.1;-24911.9,-4959.7;-24946.7,-4955.8;-24999.3,-4964.9
반덕소류지|reservoir|123.45|-24905.0,-95.7;-24776.2,-137.6;-24751.3,-131.3;-24749.8,-115.7;-24767.4,-47.9;-24754.7,-27.4;-24772.3,-8.8;-24810.3,11.2;-24826.5,52.7;-24836.7,55.6;-24851.3,18.5;-24867.4,-43.5;-24905.0,-95.7
장평저수지|reservoir|100.09|-24649.8,-1863.6;-24597.1,-1917.3;-24502.1,-1983.5;-24472.6,-2038.9;-24461.8,-2078.4;-24437.4,-2119.5;-24410.7,-2107.9;-24411.5,-1965.7;-24349.6,-1906.7;-24357.5,-1851.3;-24383.4,-1843.4;-24392.0,-1826.8;-24419.4,-1806.7;-24406.4,-1783.6;-24374.1,-1760.6;-24366.9,-1745.5;-24375.5,-1735.4;-24460.4,-1728.2;-24523.0,-1741.5;-24555.4,-1739.4;-24580.6,-1727.8;-24621.5,-1798.8;-24649.8,-1863.6
유동소류지|reservoir|107.23|-24118.8,2435.7;-24225.7,2553.4;-24268.5,2473.7;-24403.1,2338.5;-24383.1,2318.5;-24352.7,2325.4;-24318.2,2350.9;-24267.1,2373.6;-24256.1,2371.6;-24230.6,2389.5;-24189.2,2400.5;-24118.8,2435.7
하곡저수지|reservoir|76.99|-24397.0,-3390.3;-24348.5,-3484.9;-24317.3,-3500.6;-24276.6,-3568.6;-24260.2,-3617.9;-24251.5,-3662.0;-24186.9,-3591.4;-24160.1,-3546.7;-24196.1,-3502.9;-24210.2,-3467.7;-24213.3,-3402.8;-24205.5,-3390.3;-24222.7,-3371.5;-24232.8,-3346.5;-24368.1,-3373.9;-24397.0,-3390.3
발산저수지|reservoir|99.88|-24723.8,-6453.6;-24767.1,-6674.2;-24750.3,-6688.4;-24703.8,-6700.1;-24694.1,-6714.9;-24602.3,-6759.6;-24574.5,-6788.7;-24562.2,-6790.6;-24557.7,-6769.9;-24546.0,-6767.4;-24525.3,-6789.4;-24489.2,-6815.9;-24471.7,-6823.0;-24462.0,-6818.5;-24472.3,-6797.1;-24467.2,-6781.6;-24487.2,-6744.1;-24498.9,-6727.9;-24522.1,-6713.0;-24590.0,-6619.2;-24614.6,-6602.4;-24622.3,-6577.1;-24597.8,-6549.3;-24590.6,-6526.0;-24496.9,-6425.1;-24407.7,-6301.6;-24377.3,-6247.9;-24357.3,-6231.7;-24349.5,-6217.5;-24354.0,-6196.8;-24346.9,-6179.9;-24279.7,-6115.9;-24287.4,-6106.2;-24314.6,-6091.3;-24421.3,-6142.4;-24494.3,-6237.5;-24553.8,-6291.2;-24575.1,-6316.4;-24595.2,-6356.5;-24619.7,-6386.3;-24694.7,-6423.8;-24710.9,-6445.8;-24723.8,-6453.6
주평소류지|reservoir|97.87|-24557.7,-10932.2;-24549.6,-10969.3;-24533.3,-11004.1;-24500.8,-10978.9;-24461.6,-10963.4;-24469.0,-10938.9;-24463.1,-10921.9;-24452.0,-10917.4;-24486.0,-10904.1;-24503.0,-10907.1;-24513.4,-10884.9;-24523.0,-10884.9;-24557.7,-10932.2
곤기소류지|pond|13.51|-24595.9,-20140.2;-24543.4,-20114.2;-24566.3,-20068.6;-24596.5,-20080.2;-24599.7,-20094.7;-24595.9,-20140.2
동화소류지|pond|60.59|-24612.0,-15644.0;-24619.6,-15656.5;-24618.8,-15662.8;-24589.1,-15676.5;-24577.8,-15662.3;-24565.4,-15632.8;-24564.7,-15616.2;-24575.1,-15618.4;-24612.0,-15644.0
|lake|28.22|-24998.0,-19362.9;-24995.2,-19276.1;-25014.4,-19267.3;-25081.8,-19273.3;-25094.4,-19294.2;-25099.4,-19328.2;-25087.9,-19340.9;-25030.8,-19363.9;-24998.0,-19362.9
낙동상소류지|reservoir|88.7|-25074.0,-12332.6;-25074.7,-12345.1;-25084.4,-12365.5;-25116.9,-12476.6;-25116.6,-12486.3;-25054.7,-12473.7;-24939.5,-12472.3;-24921.2,-12463.3;-24983.5,-12403.9;-25015.0,-12401.4;-25024.3,-12393.5;-25049.0,-12351.9;-25067.1,-12343.2;-25074.0,-12332.6
화림지|pond|253.71|-24871.5,-9406.2;-24926.6,-9363.9;-24944.5,-9394.0;-24948.1,-9408.4;-24941.6,-9415.1;-24877.2,-9418.2;-24871.5,-9406.2
낙동하소류지|reservoir|66.04|-25301.5,-12277.0;-25264.2,-12309.3;-25237.2,-12277.0;-25218.5,-12239.0;-25216.6,-12185.5;-25220.4,-12179.7;-25235.2,-12180.3;-25301.5,-12277.0
신계소류지|pond|104.36|-25461.1,-10684.9;-25464.7,-10711.0;-25404.7,-10721.5;-25398.4,-10704.9;-25397.9,-10695.4;-25408.1,-10689.0;-25461.1,-10684.9
화촌멧소류지|reservoir|78.48|-25594.7,-10911.8;-25566.6,-10919.2;-25502.9,-10914.6;-25497.0,-10897.8;-25520.0,-10871.9;-25529.6,-10852.6;-25544.4,-10857.1;-25568.8,-10880.7;-25591.7,-10888.9;-25594.7,-10911.8
|lake|52.49|-25701.8,-15189.5;-25643.3,-15126.3;-25654.8,-15107.0;-25660.8,-15073.0;-25696.5,-15034.0;-25719.5,-15020.3;-25755.7,-15005.5;-25782.0,-15004.9;-25818.7,-14947.8;-25819.3,-14982.9;-25827.5,-15011.5;-25772.1,-15119.1;-25701.8,-15189.5
|lake|61.75|-25841.3,-18778.3;-25835.9,-18801.4;-25794.2,-18811.8;-25787.6,-18791.0;-25758.0,-18778.3;-25750.9,-18764.6;-25733.3,-18755.8;-25762.4,-18701.4;-25768.4,-18700.3;-25782.1,-18719.0;-25800.2,-18731.1;-25804.6,-18744.3;-25817.8,-18759.1;-25841.3,-18778.3
개운소류지|reservoir|32.97|-25377.3,-20012.7;-25321.9,-19920.6;-25354.7,-19916.1;-25378.6,-19901.6;-25448.5,-19847.4;-25449.7,-19839.8;-25473.0,-19847.4;-25490.7,-19897.8;-25501.4,-19883.3;-25497.0,-19935.7;-25446.6,-19963.5;-25415.7,-19992.5;-25377.3,-20012.7
시화지|pond|34.75|-25481.3,-15469.7;-25494.2,-15475.0;-25508.0,-15498.9;-25506.6,-15510.8;-25498.5,-15525.2;-25467.9,-15546.7;-25457.9,-15543.8;-25441.2,-15493.1;-25444.5,-15485.5;-25481.3,-15469.7
|canal|2.35|-23898.9,-20689.3;-23968.7,-20856.4;-24017.9,-20949.7;-24074.4,-20947.4;-24090.1,-21003.4;-24070.0,-21010.1;-24038.0,-20958.6;-24024.6,-20958.6;-24058.8,-21017.6;-24116.9,-21101.2;-24157.5,-21150.8;-24210.0,-21187.2;-24228.8,-21221.0;-24216.5,-21223.6;-24199.6,-21187.8;-24188.0,-21186.5;-24184.1,-21200.8;-24198.3,-21221.0;-24198.3,-21232.7;-24188.0,-21237.2;-24197.7,-21255.4;-24169.0,-21271.9;-24119.1,-21184.8;-24012.1,-21062.7;-23953.1,-20950.3;-23901.9,-20839.2;-23852.3,-20714.3;-23898.9,-20689.3
낙정소류지|reservoir|22.22|-23781.7,-19830.0;-23796.3,-19835.6;-23797.3,-19840.2;-23764.9,-19878.6;-23748.0,-19895.5;-23720.7,-19895.0;-23714.1,-19847.1;-23728.8,-19832.9;-23759.0,-19823.1;-23777.8,-19822.6;-23781.7,-19830.0
대방소류지|pond|255.33|-24091.8,-9914.7;-24092.7,-9945.1;-24084.6,-9956.2;-24069.6,-9965.6;-24055.1,-9962.1;-24045.7,-9951.0;-24045.3,-9934.4;-24050.0,-9924.1;-24091.8,-9914.7
녹명소류지|reservoir|46.27|-23692.5,-14014.8;-23686.8,-14023.5;-23623.5,-14032.2;-23610.9,-14021.1;-23586.2,-13980.6;-23601.9,-13944.6;-23599.1,-13907.1;-23612.7,-13906.3;-23676.0,-13940.3;-23703.8,-13939.5;-23711.8,-13947.8;-23692.2,-13980.9;-23692.5,-14014.8
|river|1.03|-23261.7,-17017.2;-23233.8,-16994.3;-23244.2,-16976.7;-23294.1,-16932.2;-23424.0,-16721.9;-23453.6,-16682.3;-23530.4,-16675.2;-23637.8,-16683.4;-23677.3,-16667.5;-23734.8,-16620.3;-23774.9,-16592.8;-23785.3,-16590.6;-23755.1,-16621.4;-23658.6,-16701.6;-23640.0,-16706.5;-23587.4,-16706.5;-23509.0,-16695.0;-23476.1,-16707.6;-23427.9,-16756.5;-23377.4,-16832.3;-23330.3,-16937.7;-23303.4,-16980.6;-23266.1,-17008.0;-23261.7,-17017.2
|water|3.11|-23057.8,-19808.1;-22898.0,-19683.4;-22873.2,-19651.2;-22890.8,-19649.8;-22906.4,-19654.9;-22966.7,-19714.8;-23034.3,-19762.4;-23057.4,-19789.9;-23057.8,-19808.1
|canal|3.99|-22794.0,-18773.9;-22749.7,-18769.6;-22775.9,-18703.1;-22840.1,-18571.2;-22850.0,-18562.5;-22870.8,-18513.0;-22879.0,-18509.7;-22883.9,-18535.5;-22865.8,-18550.4;-22860.9,-18566.3;-22808.2,-18657.7;-22791.8,-18703.6;-22789.1,-18738.2;-22794.0,-18773.9
|water|1.14|-22983.1,-17277.9;-22979.3,-17372.4;-22946.4,-17332.9;-22963.4,-17323.0;-22950.8,-17297.7;-22983.1,-17277.9
|water|0.8|-23173.9,-17305.4;-23176.1,-17329.6;-23095.5,-17342.2;-23092.2,-17317.5;-23173.9,-17305.4
|water|1.64|-23363.5,-17354.3;-23272.0,-17347.7;-23198.0,-17354.3;-23090.6,-17374.1;-22996.3,-17398.2;-22961.7,-17392.2;-22939.3,-17365.8;-22910.8,-17320.8;-22922.8,-17315.3;-22957.3,-17370.2;-22977.1,-17384.5;-23012.2,-17388.3;-23092.2,-17363.1;-23228.7,-17339.4;-23373.4,-17343.3;-23363.5,-17354.3
|canal|0.8|-23179.1,-16905.0;-23144.0,-16872.9;-23238.7,-16772.8;-23227.5,-16786.9;-23223.0,-16822.2;-23229.7,-16823.9;-23251.1,-16806.6;-23267.0,-16788.8;-23276.1,-16764.9;-23283.1,-16717.9;-23274.5,-16687.5;-23261.7,-16670.6;-23252.7,-16600.4;-23257.7,-16591.4;-23254.4,-16562.8;-23229.1,-16449.9;-23238.7,-16444.9;-23254.4,-16310.1;-23274.5,-16247.8;-23272.9,-16196.7;-23276.8,-16179.8;-23286.9,-16184.3;-23290.8,-16213.0;-23289.7,-16252.8;-23275.7,-16362.9;-23273.4,-16432.5;-23256.0,-16504.4;-23279.6,-16577.4;-23284.6,-16636.4;-23293.6,-16681.3;-23305.9,-16702.6;-23302.6,-16746.4;-23288.6,-16789.7;-23179.1,-16905.0
|lake|81.37|-23110.8,-12417.3;-23103.2,-12436.0;-23090.0,-12446.6;-23011.9,-12458.0;-23007.1,-12454.6;-23011.9,-12389.1;-23029.6,-12380.0;-23040.6,-12398.2;-23048.2,-12400.1;-23075.9,-12392.0;-23096.5,-12396.3;-23105.6,-12402.5;-23110.8,-12417.3
|pond|60.86|-22797.3,-12948.1;-22756.4,-12956.8;-22725.9,-12956.1;-22723.4,-12937.2;-22729.9,-12898.4;-22735.3,-12893.7;-22748.0,-12895.9;-22782.4,-12913.6;-22794.4,-12923.8;-22799.1,-12937.6;-22797.3,-12948.1
일암2소류지|pond|95.38|-22724.9,-9142.5;-22800.9,-9197.6;-22824.3,-9221.9;-22820.9,-9230.0;-22801.3,-9227.9;-22780.4,-9235.6;-22753.1,-9265.5;-22736.0,-9259.0;-22711.3,-9228.3;-22708.3,-9213.8;-22724.9,-9142.5
일암제1소류지|pond|82.09|-22662.2,-8953.8;-22652.9,-9061.8;-22640.5,-9064.4;-22611.9,-9054.5;-22622.6,-8980.7;-22633.7,-8941.0;-22658.8,-8946.9;-22662.2,-8953.8
|canal|7.25|-22434.8,-16597.8;-22409.3,-16599.0;-22418.5,-16498.5;-22414.2,-16469.5;-22402.1,-16443.8;-22411.4,-16440.5;-22415.3,-16429.5;-22401.0,-16431.7;-22391.2,-16322.3;-22436.0,-16008.1;-22431.1,-15762.3;-22408.1,-15702.1;-22299.4,-15550.5;-22285.8,-15517.2;-22286.9,-15455.3;-22278.7,-15422.5;-22294.0,-15360.1;-22295.1,-15308.1;-22300.0,-15303.7;-22303.8,-15359.5;-22291.8,-15464.6;-22312.5,-15527.6;-22426.2,-15696.7;-22445.3,-15744.8;-22456.8,-15986.7;-22448.0,-16073.8;-22411.4,-16310.2;-22427.8,-16425.7;-22422.4,-16429.0;-22422.9,-16453.1;-22434.4,-16565.3;-22425.1,-16590.5;-22434.8,-16597.8
|pond|4.03|-22607.4,-18574.0;-22559.6,-18619.4;-22547.0,-18604.9;-22557.0,-18579.7;-22570.9,-18562.0;-22596.7,-18544.3;-22607.4,-18574.0
거산일소류지|pond|20.56|-22898.5,-21116.0;-22904.9,-21119.9;-22903.7,-21154.9;-22870.3,-21169.4;-22841.6,-21163.8;-22814.8,-21165.3;-22816.1,-21156.0;-22845.5,-21122.6;-22898.5,-21116.0
정곡소류지|pond|38.11|-17467.6,-14824.3;-17479.1,-14886.9;-17474.9,-14894.0;-17442.7,-14881.7;-17446.1,-14830.4;-17453.9,-14821.9;-17467.6,-14824.3
금곡제|lake|30.29|-17645.2,-17974.5;-17560.7,-18022.7;-17542.5,-18027.1;-17533.2,-18040.9;-17523.3,-18040.9;-17548.4,-17945.4;-17571.5,-17882.9;-17625.0,-17917.4;-17644.7,-17961.7;-17645.2,-17974.5
|pond|14.18|-16964.0,-10239.1;-16949.8,-10262.2;-16937.6,-10257.3;-16875.4,-10204.8;-16874.9,-10197.9;-16909.6,-10157.7;-16911.1,-10168.0;-16954.2,-10205.8;-16964.0,-10239.1
임곡소류지|pond|22.89|-16985.0,-9749.1;-16918.9,-9790.1;-16906.1,-9792.3;-16895.5,-9783.3;-16894.6,-9759.4;-16936.4,-9729.9;-16949.2,-9709.9;-16975.6,-9690.2;-16982.0,-9696.2;-16985.0,-9749.1
호산제|reservoir|33.29|-17524.8,-11621.6;-17556.4,-11651.8;-17566.8,-11681.9;-17587.7,-11706.4;-17573.8,-11711.8;-17556.2,-11703.6;-17536.4,-11703.5;-17484.6,-11660.8;-17478.0,-11640.4;-17524.8,-11621.6
|pond|31.76|-17967.8,-9908.1;-17901.6,-9918.4;-17884.0,-9876.2;-17910.9,-9874.3;-17967.3,-9897.3;-17967.8,-9908.1
|pond|95.41|-17893.1,-12692.6;-17874.8,-12736.7;-17844.0,-12745.1;-17846.1,-12719.6;-17819.1,-12696.7;-17824.9,-12687.1;-17868.2,-12692.6;-17887.7,-12685.1;-17893.1,-12692.6
|pond|15.36|-18152.0,-17710.4;-18197.0,-17765.2;-18159.4,-17782.4;-18143.4,-17783.5;-18131.1,-17779.4;-18111.0,-17758.9;-18152.0,-17710.4
|pond|26.12|-18488.8,-9950.9;-18521.1,-9972.9;-18528.9,-9988.6;-18525.0,-10003.8;-18511.8,-10013.2;-18473.6,-10013.6;-18384.9,-9999.9;-18411.4,-9975.9;-18430.0,-9979.3;-18447.1,-9956.3;-18468.2,-9954.3;-18475.1,-9934.7;-18485.8,-9940.6;-18488.8,-9950.9
중산소류지|reservoir|102.88|-18149.8,1826.2;-18171.5,1825.3;-18194.9,1814.8;-18248.3,1802.8;-18267.9,1802.8;-18280.5,1782.3;-18279.1,1767.5;-18247.9,1728.9;-18251.8,1708.2;-18231.3,1695.3;-18204.7,1697.5;-18189.3,1713.8;-18173.4,1704.0;-18146.6,1699.2;-18134.7,1702.8;-18124.6,1731.6;-18107.1,1742.3;-18107.1,1760.4;-18149.8,1826.2
자연저수지|reservoir|11.72|-18464.4,11303.6;-18481.5,11253.5;-18472.8,11249.4;-18451.3,11259.3;-18439.7,11253.5;-18430.1,11239.3;-18194.5,11057.3;-18186.4,11071.5;-18207.9,11136.7;-18164.3,11314.6;-18149.0,11354.6;-18140.5,11413.5;-18142.4,11443.0;-18215.6,11478.1;-18262.4,11481.0;-18293.7,11450.8;-18305.4,11420.6;-18304.4,11402.0;-18312.2,11364.0;-18352.2,11296.8;-18380.5,11288.0;-18397.1,11292.9;-18414.7,11308.5;-18449.8,11310.4;-18464.4,11303.6
|river|8.34|-18457.4,10398.3;-18483.6,10325.3;-18537.3,10202.9;-18518.8,10185.9;-18460.2,10323.8;-18446.1,10374.0;-18418.7,10264.4;-18387.5,10091.3;-18355.3,9978.2;-18289.3,9706.3;-18264.9,9655.3;-18188.7,9460.3;-18145.8,9237.9;-18156.7,9151.3;-18174.3,9059.6;-18186.5,9052.4;-18229.4,8824.1;-18261.9,8702.9;-18278.9,8695.5;-18281.1,8675.6;-18268.6,8670.4;-18286.3,8578.8;-18286.3,8520.0;-18274.4,8449.1;-18244.3,8367.2;-18177.6,8258.6;-18163.2,8214.9;-18156.8,8139.3;-18164.4,8093.9;-18167.0,8017.1;-18172.9,7977.2;-18120.2,7963.2;-18107.1,8048.9;-18105.8,8092.6;-18138.5,8307.0;-18240.0,8436.4;-18251.9,8478.9;-18260.0,8545.9;-18253.2,8614.7;-18230.7,8657.5;-18217.9,8655.8;-18215.0,8670.3;-18223.9,8683.4;-18177.2,8826.9;-18111.1,9078.4;-18102.3,9207.1;-18130.6,9391.4;-18147.7,9455.7;-18183.3,9569.3;-18238.9,9700.0;-18275.0,9803.3;-18344.3,10081.1;-18396.2,10424.6;-18457.4,10398.3
옥열소류지|reservoir|32.58|-18067.1,13128.1;-18071.9,13115.9;-18070.0,13102.3;-18053.4,13059.4;-18049.5,13036.0;-18041.2,13028.2;-18019.7,13035.0;-18004.6,13056.4;-17993.4,13107.6;-17997.8,13128.1;-18008.5,13146.6;-18067.1,13128.1
|reservoir|25.92|-17826.5,6199.4;-17866.5,6208.2;-17894.3,6198.5;-17888.5,6175.6;-17898.2,6151.8;-17919.7,6147.8;-17910.9,6131.8;-17845.5,6132.6;-17829.9,6144.3;-17819.6,6159.1;-17819.2,6187.7;-17826.5,6199.4
|river|15.15|-18172.9,7977.2;-18192.0,7919.2;-18199.8,7870.9;-18180.3,7801.2;-17941.2,7423.8;-17922.1,7412.1;-17899.2,7362.4;-17902.1,7355.6;-17873.8,7286.3;-17848.0,7185.9;-17843.1,7098.6;-17860.7,6785.1;-17848.9,6450.6;-17747.4,6451.6;-17766.5,6516.9;-17761.1,6576.4;-17767.5,6638.3;-17766.0,6731.5;-17776.2,6789.0;-17777.2,6830.0;-17770.4,6899.2;-17772.3,7167.4;-17778.2,7241.5;-17806.5,7340.5;-17846.5,7431.2;-17937.7,7599.8;-17987.5,7670.1;-18114.4,7828.0;-18127.8,7861.9;-18131.0,7892.4;-18120.2,7963.2;-18172.9,7977.2
안터못|pond|30.79|-17094.1,14153.7;-17081.4,14105.0;-17055.0,14090.9;-17040.4,14102.6;-17029.6,14122.0;-17045.7,14168.8;-17094.1,14153.7
외동소류지|pond|25.59|-16928.1,10216.2;-16941.6,10212.1;-16947.7,10195.5;-16946.9,10144.6;-16937.9,10125.8;-16911.8,10141.6;-16903.7,10159.2;-16916.7,10206.5;-16919.6,10213.0;-16928.1,10216.2
|pond|40.44|-16915.0,6051.5;-16945.2,6077.8;-16954.2,6076.6;-16960.8,6065.4;-16959.9,6026.4;-16921.1,6026.4;-16913.3,6035.9;-16915.0,6051.5
봉성저수지|reservoir|92.46|-17334.0,370.2;-17335.7,380.8;-17310.7,393.0;-17283.3,424.9;-17276.7,463.1;-17280.8,483.0;-17303.2,522.0;-17304.9,539.8;-17316.1,562.2;-17341.0,598.3;-17362.1,641.0;-17405.7,695.8;-17434.3,785.4;-17462.1,846.5;-17445.1,862.0;-17352.7,888.1;-17323.0,908.6;-17232.2,923.2;-17134.8,965.9;-17066.5,1003.4;-17053.8,1028.3;-17033.1,1145.7;-17036.0,1186.2;-17056.5,1245.2;-17337.8,1271.8;-17332.1,1261.9;-17341.3,1187.6;-17332.9,1183.6;-17320.2,1075.4;-17340.5,1042.7;-17392.2,1023.8;-17434.7,1036.4;-17522.7,1017.4;-17567.5,1019.0;-17599.8,982.5;-17629.7,863.7;-17640.2,838.5;-17661.5,810.7;-17663.8,799.6;-17646.2,774.3;-17645.9,759.5;-17638.9,741.3;-17594.6,674.7;-17592.8,653.6;-17579.3,640.1;-17572.9,618.4;-17558.8,604.3;-17480.2,566.2;-17440.3,537.5;-17399.0,388.4;-17392.4,376.8;-17382.9,372.6;-17362.5,373.8;-17362.1,335.4;-17397.9,315.8;-17420.4,258.6;-17422.6,239.6;-17418.7,227.8;-17352.0,166.7;-17333.5,176.8;-17312.2,128.0;-17245.5,22.7;-17224.2,27.7;-17292.0,143.7;-17301.5,169.5;-17231.5,250.8;-17230.9,273.8;-17221.9,281.0;-17206.8,334.9;-17213.0,355.0;-17251.6,406.1;-17324.0,355.0;-17334.0,370.2
|reservoir|134.85|-17761.1,-228.4;-17772.8,-238.7;-17780.2,-277.2;-17770.9,-293.8;-17749.8,-317.3;-17739.6,-337.3;-17701.5,-314.8;-17700.1,-307.5;-17739.7,-236.7;-17761.1,-228.4
정곡저수지|reservoir|84.42|-16855.3,-7951.9;-16864.1,-7957.0;-16876.0,-7954.4;-16877.1,-7966.6;-16865.9,-7972.7;-16865.2,-7981.1;-16844.2,-7994.2;-16837.8,-8021.3;-16840.2,-8028.1;-16824.1,-8063.2;-16811.4,-8075.2;-16752.2,-8099.0;-16732.9,-8124.2;-16694.6,-8139.9;-16684.7,-8137.7;-16675.6,-8124.2;-16650.8,-8054.1;-16655.9,-8019.4;-16675.2,-8010.6;-16688.0,-8016.1;-16711.0,-8012.1;-16774.9,-7990.1;-16800.4,-7971.9;-16827.8,-7961.3;-16843.5,-7962.0;-16855.3,-7951.9
인곡저수지|reservoir|140.39|-16758.8,-6837.4;-16795.5,-6831.7;-16823.7,-6840.1;-16884.0,-6845.8;-16893.5,-6857.5;-16889.8,-6861.8;-16901.7,-6874.1;-16873.9,-6870.4;-16853.2,-6876.6;-16797.7,-6906.4;-16719.9,-6922.8;-16703.6,-6921.0;-16698.7,-6883.9;-16709.2,-6836.0;-16728.8,-6833.0;-16758.8,-6837.4
학동저수지|reservoir|103.37|-16504.7,-5220.4;-16517.1,-5220.4;-16525.3,-5227.8;-16522.6,-5242.0;-16516.2,-5248.9;-16510.7,-5239.3;-16488.6,-5243.9;-16464.8,-5267.7;-16478.5,-5295.3;-16443.7,-5305.4;-16406.0,-5324.7;-16393.6,-5336.2;-16383.1,-5357.7;-16333.5,-5400.4;-16334.0,-5431.2;-16315.6,-5430.3;-16306.0,-5435.8;-16300.0,-5455.5;-16289.9,-5467.5;-16269.3,-5467.9;-16262.4,-5485.4;-16264.7,-5499.2;-16283.5,-5516.6;-16283.0,-5525.8;-16269.3,-5551.0;-16248.2,-5565.7;-16248.6,-5553.8;-16238.5,-5553.8;-16190.3,-5577.2;-16144.0,-5563.0;-16130.7,-5569.0;-16128.9,-5554.7;-16053.1,-5419.7;-16081.8,-5402.6;-16123.0,-5402.6;-16142.1,-5388.0;-16148.3,-5380.8;-16160.0,-5324.6;-16214.5,-5270.1;-16241.8,-5258.4;-16355.7,-5239.6;-16438.7,-5256.5;-16470.9,-5243.5;-16504.7,-5220.4
|pond|82.82|-16640.1,2660.0;-16674.9,2652.7;-16697.1,2637.8;-16686.0,2614.5;-16624.8,2629.1;-16620.6,2635.4;-16623.4,2646.8;-16628.6,2655.2;-16640.1,2660.0
활곡지|reservoir|64.51|-16458.3,3493.3;-16512.7,3468.3;-16515.1,3460.5;-16510.0,3425.9;-16484.6,3381.0;-16477.8,3377.6;-16468.9,3380.7;-16465.1,3412.2;-16460.3,3420.1;-16442.8,3424.2;-16438.4,3432.0;-16449.0,3481.3;-16458.3,3493.3
죽림저수지|reservoir|49.44|-16410.6,5417.4;-16444.4,5425.3;-16515.1,5421.9;-16537.7,5430.9;-16547.4,5430.1;-16565.5,5415.1;-16531.6,5324.9;-16459.6,5305.4;-16449.3,5312.0;-16447.9,5351.9;-16439.2,5363.8;-16388.9,5394.4;-16387.6,5410.1;-16395.0,5421.8;-16410.6,5417.4
|pond|134.6|-16612.9,6834.6;-16668.5,6810.2;-16638.9,6780.7;-16621.7,6742.2;-16588.9,6758.6;-16612.9,6834.6
|pond|55.97|-16558.2,5829.6;-16591.1,5811.6;-16549.2,5747.9;-16516.4,5730.5;-16508.4,5743.0;-16510.4,5760.9;-16534.3,5785.8;-16558.2,5829.6
안인제2소류지|reservoir|34.64|-16752.7,9842.8;-16825.4,9789.0;-16841.8,9770.9;-16781.3,9761.4;-16754.7,9736.8;-16746.4,9718.3;-16734.7,9724.4;-16723.2,9750.7;-16725.1,9766.6;-16735.9,9819.9;-16752.7,9842.8
원곡소류지|pond|66.54|-16607.3,12169.6;-16580.0,12188.3;-16577.0,12203.9;-16580.5,12226.8;-16594.6,12266.8;-16601.0,12267.5;-16610.5,12250.7;-16614.1,12229.3;-16612.2,12171.5;-16607.3,12169.6
절골소류지|reservoir|63.5|-16567.3,13788.5;-16550.3,13766.5;-16481.5,13710.5;-16469.6,13713.9;-16490.0,13788.5;-16510.4,13821.6;-16567.3,13788.5
내인소류지|pond|67.89|-16508.2,10158.7;-16491.6,10118.2;-16469.4,10113.6;-16453.8,10165.0;-16455.0,10177.5;-16483.1,10172.6;-16508.2,10158.7
가산소류지|pond|24.83|-16653.4,9260.1;-16652.7,9252.1;-16617.1,9207.2;-16601.9,9230.4;-16587.5,9266.7;-16598.0,9281.3;-16639.5,9271.5;-16653.4,9260.1
부봉소류지|pond|24.14|-16306.5,11564.6;-16311.3,11554.1;-16306.0,11532.9;-16291.1,11527.0;-16262.3,11527.8;-16235.5,11539.0;-16223.7,11552.1;-16225.0,11564.3;-16233.5,11575.3;-16306.5,11564.6
어연소류지|reservoir|50.29|-16118.3,11173.5;-16142.0,11115.0;-16113.2,11113.3;-16083.9,11103.8;-16043.4,11077.4;-16035.9,11086.9;-16035.9,11093.8;-16056.9,11131.8;-16084.2,11155.4;-16118.3,11173.5
|pond|128.21|-16293.5,7075.0;-16302.3,7075.7;-16327.7,7044.0;-16320.6,7006.5;-16313.5,6992.3;-16286.5,7006.2;-16265.5,7023.8;-16293.5,7075.0
정동대저수지|reservoir|56.6|-16312.7,4954.5;-16398.3,4927.9;-16457.9,4892.3;-16462.7,4877.4;-16424.4,4788.7;-16395.7,4780.7;-16377.6,4792.4;-16348.9,4824.8;-16288.3,4870.5;-16247.3,4881.2;-16249.4,4895.0;-16281.3,4919.4;-16285.1,4937.5;-16312.7,4954.5
백암저수지|reservoir|75.41|-16072.0,3719.5;-16118.6,3723.0;-16126.2,3710.3;-16182.0,3718.8;-16239.6,3589.4;-16236.8,3570.9;-16209.1,3554.3;-16085.8,3523.8;-16067.6,3560.1;-16076.2,3580.4;-16097.1,3605.0;-16101.9,3650.9;-16085.8,3695.1;-16079.2,3701.6;-16055.3,3704.0;-16057.7,3710.8;-16072.0,3719.5
|pond|69.38|-15872.4,4911.5;-15903.7,4922.2;-15911.4,4891.6;-15892.9,4873.6;-15873.9,4864.2;-15855.8,4872.1;-15854.4,4888.1;-15872.4,4911.5
|reservoir|37.98|-16138.1,7781.7;-16284.5,7824.1;-16300.6,7755.4;-16289.4,7751.5;-16297.7,7706.1;-16268.9,7664.2;-16182.1,7600.6;-16118.8,7576.0;-16030.4,7558.0;-15976.4,7540.6;-15923.4,7475.0;-15800.2,7352.9;-15727.7,7284.4;-15676.1,7247.8;-15644.0,7212.8;-15607.0,7191.3;-15561.8,7121.6;-15556.6,7096.3;-15557.8,7076.9;-15567.2,7045.0;-15574.0,6990.9;-15552.1,6927.5;-15492.2,6915.8;-15425.3,6887.5;-15378.4,6844.1;-15328.7,6738.8;-15316.9,6668.1;-15308.1,6672.5;-15312.0,6733.9;-15332.6,6801.2;-15383.4,6872.4;-15416.9,6908.0;-15503.3,6951.4;-15523.3,6977.7;-15535.1,7007.5;-15514.6,7164.0;-15535.0,7220.0;-15660.2,7336.8;-15711.6,7399.9;-15770.3,7499.9;-15772.6,7524.3;-15824.9,7557.4;-15848.4,7586.7;-15908.8,7627.6;-15938.5,7631.0;-16004.9,7661.8;-16127.4,7688.1;-16150.8,7706.1;-16152.3,7740.3;-16138.1,7781.7
옥열저수지|reservoir|53.14|-15850.7,14297.3;-15921.8,14223.5;-15897.4,14191.7;-15866.3,14171.1;-15841.1,14089.8;-15821.9,14078.0;-15783.4,14109.8;-15813.0,14206.5;-15802.7,14243.4;-15789.4,14253.8;-15780.6,14274.8;-15850.7,14297.3
장송곡소류지|reservoir|62.42|-15768.2,12759.7;-15815.3,12794.4;-15930.2,12857.1;-15961.6,12814.6;-15927.9,12796.7;-15898.8,12756.3;-15846.6,12730.0;-15819.2,12699.8;-15795.1,12694.2;-15768.2,12759.7
삼발소류지|pond|37.92|-15835.3,11881.8;-15853.9,11862.6;-15871.7,11835.6;-15824.6,11824.1;-15807.0,11831.4;-15801.2,11840.2;-15810.9,11862.6;-15835.3,11881.8
대천소류지|pond|51.79|-15548.4,8797.0;-15556.0,8788.4;-15557.2,8722.6;-15551.3,8706.5;-15544.7,8700.9;-15533.0,8706.5;-15532.8,8718.0;-15522.5,8736.3;-15521.3,8771.1;-15532.5,8786.5;-15548.4,8797.0
골안소류지|reservoir|61.83|-15168.8,11422.5;-15174.6,11416.6;-15179.7,11356.0;-15165.3,11333.1;-15148.7,11320.4;-15133.1,11319.7;-15105.1,11330.9;-15088.2,11370.3;-15073.4,11386.4;-15072.1,11392.5;-15086.8,11414.7;-15092.9,11440.3;-15118.7,11437.9;-15168.8,11422.5
대밭골저수지|reservoir|65.53|-15540.4,5776.9;-15549.0,5674.7;-15506.7,5671.3;-15485.2,5684.6;-15452.4,5693.4;-15450.0,5734.3;-15457.3,5764.8;-15540.4,5776.9
영담지|reservoir|124.2|-15440.6,3027.4;-15488.7,3034.8;-15506.2,2916.8;-15492.1,2913.2;-15445.7,2930.4;-15336.5,2939.2;-15343.3,2957.9;-15358.3,2976.2;-15402.1,2995.2;-15440.6,3027.4
양촌포강저수지|pond|98.29|-15398.1,941.4;-15459.8,956.2;-15480.9,925.1;-15474.8,915.7;-15441.4,895.4;-15393.2,931.7;-15398.1,941.4
|pond|130.6|-15716.9,2454.3;-15762.2,2469.4;-15791.1,2472.1;-15791.1,2457.0;-15802.0,2433.7;-15729.7,2432.8;-15711.4,2436.0;-15706.9,2444.2;-15716.9,2454.3
금산 소류지|pond|113.08|-15890.5,-5161.4;-15907.9,-5154.7;-15918.5,-5200.7;-15846.9,-5222.5;-15839.4,-5205.8;-15857.7,-5196.1;-15890.5,-5161.4
|water|6.96|-15269.2,-13936.0;-15275.0,-13954.4;-15245.5,-13956.5;-15240.9,-13971.9;-15206.0,-13975.6;-15202.2,-13970.6;-15196.0,-13985.2;-15191.0,-13984.4;-15217.2,-13932.3;-15220.9,-13933.1;-15215.1,-13945.2;-15269.2,-13936.0
|river|0.8|-15620.8,-10868.1;-15595.7,-10871.1;-15576.8,-10846.0;-15555.5,-10802.2;-15555.5,-10746.1;-15564.5,-10719.2;-15586.9,-10698.4;-15664.8,-10673.2;-15659.8,-10681.6;-15574.0,-10718.6;-15561.1,-10740.5;-15560.0,-10759.0;-15566.7,-10768.6;-15573.5,-10805.6;-15597.0,-10849.9;-15620.8,-10868.1
|river|1.85|-15546.0,-10603.2;-15501.4,-10554.7;-15560.7,-10551.4;-15597.8,-10543.1;-15663.6,-10523.1;-15808.1,-10464.5;-15912.0,-10438.1;-16022.3,-10427.4;-16097.9,-10443.0;-16165.3,-10469.9;-16254.6,-10522.6;-16215.0,-10522.1;-16232.1,-10534.8;-16281.4,-10542.2;-16277.0,-10548.5;-16262.9,-10542.6;-16262.4,-10560.7;-16306.3,-10610.1;-16344.8,-10706.3;-16300.4,-10623.7;-16252.1,-10575.9;-16254.1,-10588.6;-16220.9,-10551.0;-16138.4,-10481.6;-16154.5,-10517.2;-16144.8,-10517.7;-16112.1,-10497.2;-15979.4,-10457.6;-15925.7,-10470.8;-15945.2,-10480.6;-15780.8,-10544.1;-15681.2,-10573.9;-15546.0,-10603.2
|pond|28.26|-16156.3,-9253.7;-16149.2,-9309.7;-16091.0,-9320.4;-16091.0,-9311.3;-16113.7,-9254.7;-16120.1,-9249.2;-16139.9,-9246.9;-16156.3,-9253.7
|pond|26.22|-16126.2,-12301.8;-16071.3,-12318.9;-16037.6,-12298.9;-16039.7,-12284.7;-16050.9,-12275.2;-16064.6,-12274.3;-16108.7,-12289.3;-16126.2,-12301.8
|reservoir|40.73|-16286.4,-12352.7;-16293.9,-12366.8;-16289.7,-12376.8;-16300.6,-12421.8;-16291.0,-12430.2;-16284.8,-12445.6;-16259.4,-12431.4;-16240.2,-12434.3;-16234.4,-12448.9;-16229.8,-12435.2;-16220.7,-12430.2;-16211.5,-12388.9;-16286.4,-12352.7
|river|4.04|-16653.3,-11069.4;-16557.7,-11075.0;-16519.4,-11051.5;-16459.9,-10962.2;-16392.7,-10839.3;-16410.6,-10843.3;-16421.9,-10836.2;-16439.2,-10812.4;-16463.3,-10808.5;-16494.1,-10823.6;-16495.8,-10848.9;-16511.0,-10903.9;-16555.3,-11017.3;-16591.0,-11049.2;-16653.3,-11069.4
근곡저수지|reservoir|50.93|-16475.2,-8864.4;-16500.4,-8856.8;-16524.1,-8837.6;-16589.0,-8832.9;-16632.9,-8859.8;-16652.9,-8865.7;-16667.9,-8878.1;-16678.1,-8897.8;-16689.2,-8954.5;-16724.2,-8970.3;-16724.2,-8992.1;-16716.5,-8984.0;-16660.2,-8984.0;-16650.4,-8993.8;-16611.1,-8990.8;-16525.1,-9008.1;-16475.2,-8864.4
|reservoir|37.92|-16852.2,-13375.1;-16846.0,-13386.4;-16779.4,-13411.8;-16774.0,-13403.1;-16784.8,-13377.6;-16781.9,-13363.0;-16766.5,-13349.3;-16761.9,-13326.4;-16769.8,-13321.0;-16769.0,-13310.5;-16781.5,-13296.4;-16808.1,-13300.1;-16811.8,-13315.1;-16836.0,-13342.2;-16852.2,-13375.1
대곡소류지|pond|43.67|-16689.0,-17880.4;-16667.9,-17900.1;-16645.3,-17935.0;-16625.1,-17944.4;-16627.1,-17924.2;-16622.7,-17880.4;-16627.1,-17860.7;-16640.3,-17838.1;-16669.3,-17857.3;-16689.0,-17880.4
청석제|lake|28.28|-16022.9,-17553.2;-16087.1,-17554.5;-16085.4,-17594.9;-16095.3,-17623.9;-16092.2,-17649.9;-16083.4,-17669.2;-16062.2,-17664.7;-16035.2,-17628.0;-16019.8,-17591.1;-16017.9,-17560.5;-16022.9,-17553.2
|pond|97.62|-16576.5,-20979.0;-16586.8,-20997.3;-16592.9,-21031.9;-16575.9,-21055.1;-16570.4,-21038.1;-16547.6,-21007.4;-16576.5,-20979.0
|pond|30.41|-13979.7,-16368.6;-14006.7,-16409.9;-13999.8,-16414.6;-13933.2,-16414.1;-13930.0,-16381.8;-13933.2,-16372.3;-13979.7,-16368.6
매정소류지|lake|38.59|-13789.0,-19118.7;-13787.9,-19137.2;-13761.0,-19201.9;-13747.7,-19207.7;-13730.3,-19232.1;-13718.1,-19231.0;-13712.9,-19225.2;-13672.7,-19137.8;-13720.8,-19136.7;-13789.0,-19118.7
가룡제|lake|56.42|-13443.5,-20533.6;-13390.0,-20430.7;-13411.9,-20417.3;-13452.0,-20407.6;-13510.9,-20420.4;-13510.9,-20436.2;-13517.6,-20444.1;-13517.6,-20452.6;-13461.1,-20524.4;-13443.5,-20533.6
|lake|3.33|-14484.5,-16686.4;-14472.1,-16696.5;-14467.9,-16714.5;-14458.3,-16716.2;-14451.8,-16710.8;-14425.6,-16706.7;-14406.3,-16692.8;-14378.2,-16683.6;-14350.1,-16690.5;-14347.4,-16683.1;-14359.8,-16671.2;-14367.6,-16643.5;-14391.5,-16632.9;-14452.7,-16652.7;-14484.5,-16686.4
법동소류지|water|43.83|-14266.2,-18552.3;-14365.8,-18455.6;-14388.3,-18484.8;-14401.0,-18520.1;-14451.4,-18546.2;-14449.6,-18586.4;-14453.9,-18613.8;-14461.1,-18632.7;-14479.3,-18656.4;-14466.6,-18672.2;-14454.5,-18674.6;-14442.3,-18659.4;-14420.4,-18647.3;-14393.1,-18610.1;-14389.5,-18595.5;-14359.1,-18571.2;-14335.7,-18577.0;-14292.3,-18573.3;-14270.6,-18562.2;-14266.2,-18552.3
|pond|35.04|-14492.4,-15617.7;-14510.3,-15658.1;-14456.0,-15685.1;-14447.6,-15681.2;-14445.3,-15653.6;-14492.4,-15617.7
덕곡소류지|water|35.87|-14828.0,-17592.0;-14908.1,-17565.3;-14919.2,-17571.3;-14924.2,-17595.3;-14918.7,-17610.9;-14896.6,-17629.8;-14896.6,-17644.6;-14873.9,-17647.6;-14854.8,-17663.4;-14824.8,-17657.0;-14816.7,-17611.9;-14828.0,-17592.0
|reservoir|133.14|-14564.4,-2371.9;-14597.9,-2371.9;-14600.5,-2381.2;-14615.0,-2381.7;-14609.8,-2403.6;-14592.1,-2422.2;-14581.5,-2516.8;-14586.9,-2543.7;-14579.9,-2548.6;-14470.1,-2477.8;-14482.4,-2456.3;-14488.8,-2419.7;-14512.2,-2400.2;-14564.4,-2371.9
정현2저수지|reservoir|131.5|-14263.0,-1872.2;-14270.5,-1882.9;-14269.2,-1896.6;-14276.7,-1916.7;-14276.7,-1977.4;-14263.6,-2034.4;-14267.4,-2148.9;-14209.8,-2143.9;-14148.4,-2128.9;-14140.9,-2112.6;-14155.3,-2062.5;-14171.0,-2053.2;-14190.4,-2007.5;-14221.0,-1977.4;-14219.2,-1929.2;-14229.2,-1917.3;-14229.3,-1892.1;-14246.1,-1875.4;-14263.0,-1872.2
수동소류지|pond|101.8|-14860.6,8923.0;-14883.8,8902.8;-14879.1,8895.0;-14813.8,8896.2;-14820.1,8927.4;-14831.6,8929.6;-14860.6,8923.0
대장골소류지|pond|75.47|-14647.1,12354.0;-14633.9,12301.4;-14576.6,12335.3;-14571.0,12344.8;-14571.0,12354.0;-14583.7,12367.4;-14609.1,12366.4;-14647.1,12354.0
운곡저수지|reservoir|64.11|-14664.1,13203.8;-14659.2,13195.2;-14651.4,13192.7;-14632.8,13199.5;-14618.8,13197.9;-14515.8,13144.6;-14506.9,13133.2;-14446.2,13137.0;-14435.5,13157.7;-14471.3,13181.4;-14473.2,13187.4;-14508.0,13203.2;-14523.6,13204.3;-14525.8,13211.6;-14544.4,13214.8;-14544.9,13221.3;-14556.2,13224.2;-14561.4,13233.9;-14605.6,13252.8;-14613.9,13252.5;-14638.5,13219.7;-14664.1,13203.8
대서저수지|reservoir|29.98|-14336.9,13884.2;-14240.1,13783.4;-14107.0,13653.7;-14097.8,13688.7;-14202.3,13839.1;-14254.8,13943.5;-14336.9,13884.2
|pond|51.48|-14239.7,8432.6;-14320.9,8429.6;-14323.1,8420.9;-14320.7,8403.3;-14315.0,8398.4;-14239.7,8397.7;-14228.9,8405.8;-14230.6,8421.4;-14239.7,8432.6
진능곡소류지|pond|80.63|-14538.3,7131.4;-14552.9,7094.1;-14482.5,7083.1;-14473.2,7093.1;-14520.2,7125.4;-14538.3,7131.4
양촌저수지|pond|69.72|-14019.8,5560.9;-14028.6,5553.3;-14022.8,5493.8;-13978.1,5503.6;-13976.4,5519.9;-13984.4,5562.3;-13990.8,5569.7;-14019.8,5560.9
입곡저수지|reservoir|104.24|-13845.8,4209.0;-13894.3,4217.1;-13905.5,4206.5;-13934.3,4103.9;-13879.0,4087.0;-13806.6,4041.2;-13759.8,4006.8;-13680.6,3930.3;-13674.7,3917.6;-13641.6,3893.2;-13637.0,3910.5;-13647.0,3926.6;-13659.7,3973.0;-13670.4,4063.6;-13679.8,4069.3;-13686.6,4091.1;-13789.7,4175.9;-13845.8,4209.0
장동제1소류지|pond|149.22|-14211.1,10384.4;-14214.8,10371.0;-14206.7,10363.7;-14142.8,10324.4;-14129.6,10385.8;-14163.8,10393.4;-14211.1,10384.4
장암2소류지|pond|143.54|-13794.5,9545.9;-13833.8,9514.3;-13840.9,9503.0;-13842.3,9495.2;-13833.7,9480.8;-13798.4,9475.2;-13761.0,9489.2;-13794.5,9545.9
장동제2소류지|pond|122.87|-13566.0,10918.1;-13629.0,10941.5;-13637.7,10938.8;-13642.1,10931.5;-13639.7,10922.5;-13596.0,10866.2;-13563.6,10908.6;-13566.0,10918.1
장동제1소류지|pond|100.14|-13662.8,10381.0;-13701.1,10353.5;-13677.6,10325.8;-13663.6,10317.7;-13652.1,10323.6;-13650.4,10332.7;-13662.8,10381.0
어령소류지|reservoir|76.75|-13365.9,12597.8;-13424.1,12606.0;-13479.5,12592.6;-13509.5,12596.3;-13516.9,12578.5;-13526.2,12573.3;-13498.4,12559.7;-13472.1,12534.7;-13440.2,12529.1;-13429.6,12531.7;-13399.8,12519.9;-13387.9,12523.8;-13352.5,12519.7;-13365.9,12597.8
대사소류지|pond|35.5|-13504.0,14169.3;-13513.8,14162.5;-13515.8,14153.7;-13486.0,14088.4;-13474.3,14087.9;-13437.2,14104.5;-13459.6,14151.3;-13483.5,14165.4;-13504.0,14169.3
포항못|pond|39.79|-13485.3,14076.0;-13494.0,14044.6;-13482.1,14035.1;-13453.0,14024.8;-13440.4,14024.1;-13395.0,14064.8;-13437.9,14079.4;-13447.2,14092.6;-13485.3,14076.0
장암1소류지|reservoir|104.12|-13342.0,9798.7;-13378.4,9776.5;-13399.9,9700.0;-13375.7,9696.6;-13357.9,9700.7;-13348.9,9714.2;-13325.4,9761.9;-13342.0,9798.7
도천소류지|reservoir|74.15|-13511.3,8380.1;-13484.8,8287.8;-13445.8,8252.7;-13443.0,8243.1;-13439.0,8245.1;-13437.9,8260.2;-13449.7,8299.3;-13447.2,8305.5;-13459.3,8326.2;-13464.9,8346.7;-13465.2,8373.1;-13477.0,8383.8;-13477.0,8389.7;-13511.3,8380.1
산익소류지|reservoir|85.16|-13684.4,6377.4;-13702.8,6371.4;-13757.0,6337.7;-13764.7,6320.8;-13767.1,6303.9;-13752.1,6279.5;-13749.8,6256.8;-13741.9,6253.3;-13742.7,6242.2;-13729.5,6248.7;-13721.4,6272.0;-13630.9,6330.6;-13684.4,6377.4
안형곡저수지|reservoir|97.2|-13714.8,5197.0;-13722.1,5197.3;-13770.6,5162.9;-13736.7,5116.2;-13680.6,5074.4;-13669.3,5058.9;-13662.0,5061.0;-13664.1,5106.8;-13685.2,5130.5;-13690.3,5161.0;-13714.8,5197.0
내곡1소류지|reservoir|145.89|-13601.6,320.0;-13611.5,319.0;-13646.6,268.7;-13651.3,255.0;-13633.5,138.0;-13548.7,161.9;-13469.9,132.7;-13486.9,164.8;-13492.6,196.7;-13483.6,236.7;-13470.0,259.4;-13473.8,264.5;-13465.9,273.5;-13526.4,240.6;-13553.2,261.0;-13565.9,283.7;-13601.6,320.0
내곡지|pond|144.07|-13822.4,518.1;-13791.7,495.4;-13783.0,498.3;-13770.7,556.6;-13772.9,570.2;-13815.0,539.1;-13822.4,518.1
|pond|97.9|-14191.2,-3183.8;-14185.8,-3207.0;-14146.3,-3244.9;-14127.4,-3237.9;-14116.6,-3223.8;-14141.4,-3170.2;-14191.2,-3183.8
|lake|29.48|-14165.8,-8726.0;-14064.0,-8660.4;-14119.9,-8576.5;-14183.3,-8536.7;-14201.9,-8531.1;-14216.2,-8534.2;-14221.8,-8559.1;-14220.5,-8590.8;-14227.3,-8630.6;-14226.1,-8648.6;-14208.7,-8684.6;-14165.8,-8726.0
|river|4.49|-12579.9,-9654.3;-12590.7,-9706.0;-12571.6,-9736.0;-12526.2,-9878.6;-12468.1,-10012.7;-12456.4,-10031.3;-12388.3,-10094.7;-12350.2,-10074.6;-12344.6,-10060.8;-12400.2,-10025.8;-12417.4,-9994.4;-12434.5,-9976.5;-12512.3,-9808.1;-12537.4,-9710.9;-12547.7,-9699.9;-12544.4,-9592.1;-12579.1,-9443.1;-12581.2,-9380.2;-12578.0,-9333.1;-12559.7,-9225.3;-12550.6,-9202.3;-12539.6,-9149.3;-12520.7,-9107.7;-12500.2,-9078.1;-12458.3,-8998.1;-12400.2,-8826.8;-12384.9,-8748.2;-12331.2,-8636.8;-12311.9,-8561.2;-12310.1,-8527.6;-12320.3,-8437.0;-12349.9,-8342.3;-12382.0,-8296.3;-12402.8,-8247.7;-12428.0,-8154.6;-12430.2,-8117.7;-12405.7,-7997.1;-12405.7,-7904.4;-12411.2,-7860.9;-12440.0,-7740.3;-12473.6,-7544.6;-12489.6,-7501.5;-12494.4,-7468.2;-12494.0,-7426.2;-12420.7,-7121.2;-12409.7,-6994.1;-12414.5,-6950.6;-12424.0,-6922.2;-12461.5,-6845.8;-12490.7,-6801.6;-12525.4,-6752.7;-12653.9,-6596.0;-12692.9,-6515.3;-12741.1,-6369.2;-12762.6,-6321.0;-12795.1,-6254.9;-12917.0,-6044.9;-12957.2,-5987.9;-13095.5,-5814.4;-13139.7,-5728.2;-13176.5,-5575.2;-13241.1,-5428.1;-13248.7,-5382.4;-13264.1,-5338.2;-13266.7,-5261.2;-13261.9,-5179.0;-13254.2,-5149.8;-13241.5,-5131.2;-13254.6,-5078.6;-13269.9,-5080.4;-13268.8,-5116.9;-13281.6,-5154.2;-13290.0,-5233.8;-13284.9,-5256.8;-13295.5,-5295.5;-13295.3,-5312.1;-13282.2,-5370.2;-13249.3,-5453.1;-13181.8,-5674.7;-13136.2,-5805.5;-13047.5,-5923.4;-13035.8,-5947.9;-13015.4,-5972.8;-12994.2,-5987.0;-12950.4,-6051.3;-12807.0,-6290.5;-12785.8,-6329.2;-12763.9,-6425.3;-12728.9,-6516.9;-12722.7,-6552.7;-12709.4,-6585.9;-12649.5,-6662.3;-12612.8,-6699.0;-12522.5,-6819.3;-12489.5,-6877.7;-12467.8,-6928.3;-12445.6,-7024.9;-12446.7,-7066.7;-12454.9,-7111.7;-12470.9,-7155.6;-12482.3,-7221.2;-12498.8,-7273.9;-12521.5,-7379.8;-12527.2,-7453.1;-12500.8,-7597.8;-12484.3,-7648.4;-12482.3,-7694.4;-12449.2,-7881.9;-12444.1,-7931.5;-12447.2,-7982.1;-12470.4,-8103.5;-12468.8,-8144.8;-12455.4,-8213.0;-12444.1,-8248.2;-12364.1,-8399.5;-12352.2,-8434.7;-12346.5,-8505.4;-12336.7,-8525.6;-12333.1,-8555.0;-12345.0,-8619.1;-12406.9,-8753.9;-12415.7,-8799.4;-12431.2,-8825.2;-12437.9,-8879.0;-12475.0,-8984.9;-12489.5,-8998.9;-12516.3,-9050.6;-12574.1,-9175.6;-12608.2,-9332.2;-12609.8,-9399.2;-12597.9,-9493.4;-12572.6,-9574.5;-12579.9,-9654.3
|lake|59.45|-12718.5,-5433.8;-12662.9,-5502.5;-12650.4,-5502.5;-12640.7,-5488.4;-12614.2,-5402.4;-12649.3,-5378.6;-12650.4,-5362.9;-12671.0,-5345.6;-12688.8,-5371.0;-12709.9,-5389.9;-12718.5,-5433.8
모곡제2소류지|reservoir|74.24|-12930.7,7704.7;-12997.0,7677.9;-12997.0,7657.4;-12991.7,7640.8;-12959.0,7628.6;-12938.5,7611.1;-12898.0,7626.7;-12894.6,7639.8;-12902.4,7669.1;-12930.7,7704.7
동암소류지|reservoir|113.88|-12720.3,9456.3;-12661.0,9392.1;-12639.7,9360.0;-12628.5,9353.7;-12615.8,9373.1;-12597.4,9446.9;-12602.7,9458.9;-12644.8,9480.4;-12656.5,9505.1;-12720.3,9456.3
태곡소류지|pond|66.09|-12865.2,11382.9;-12807.5,11330.1;-12774.1,11383.4;-12776.2,11389.1;-12792.1,11388.8;-12798.6,11398.5;-12815.1,11401.4;-12828.3,11398.2;-12841.2,11386.9;-12852.3,11388.5;-12852.0,11383.9;-12862.5,11387.7;-12865.2,11382.9
모곡제1소류지|reservoir|79.15|-12670.1,8214.6;-12685.7,8211.5;-12701.3,8200.5;-12740.6,8155.4;-12738.9,8141.0;-12678.7,8077.4;-12615.1,8112.5;-12619.3,8159.1;-12602.8,8195.1;-12670.1,8214.6
개산저수지|reservoir|96.72|-12575.9,7426.0;-12703.1,7437.9;-12774.4,7364.7;-12766.4,7342.5;-12755.1,7341.5;-12731.8,7369.2;-12694.2,7387.9;-12636.8,7386.0;-12621.5,7391.9;-12575.5,7388.9;-12570.0,7391.9;-12575.9,7426.0
부곡소류지|reservoir|121.27|-12175.3,7928.9;-12134.8,7877.8;-12118.7,7882.1;-12096.7,7914.3;-12098.7,7939.7;-12091.8,7973.8;-12113.3,7996.2;-12135.8,7978.7;-12175.3,7928.9
신산소류지|reservoir|41.13|-11835.0,12725.2;-11845.2,12717.7;-11840.5,12709.0;-11849.4,12709.3;-11852.4,12698.7;-11859.5,12699.2;-11865.1,12706.4;-11874.0,12701.9;-11839.9,12679.7;-11833.7,12664.6;-11826.1,12662.9;-11812.0,12639.7;-11795.9,12633.7;-11794.7,12626.5;-11785.3,12622.0;-11784.3,12614.6;-11766.2,12594.6;-11705.3,12667.5;-11708.2,12673.0;-11725.0,12675.9;-11774.5,12702.4;-11780.0,12700.9;-11798.1,12716.9;-11835.0,12725.2
삼계4소류지|lake|150.05|-12091.2,2421.0;-12075.5,2399.6;-12055.2,2390.3;-12052.3,2371.1;-12031.4,2360.1;-12027.4,2351.4;-11983.2,2346.2;-11968.2,2355.5;-11979.8,2401.3;-11997.2,2411.7;-12034.3,2419.3;-12043.6,2427.4;-12072.6,2431.5;-12091.2,2421.0
추곡저수지|reservoir|93.82|-12447.9,-4386.5;-12476.3,-4416.9;-12472.4,-4429.0;-12340.5,-4523.3;-12310.7,-4538.4;-12297.5,-4526.5;-12286.2,-4503.1;-12273.0,-4451.6;-12274.0,-4382.2;-12270.5,-4352.3;-12242.0,-4328.3;-12242.5,-4313.7;-12226.1,-4309.1;-12217.2,-4294.6;-12171.1,-4249.5;-12162.4,-4224.4;-12153.5,-4215.0;-12148.4,-4165.4;-12158.1,-4161.1;-12153.0,-4155.4;-12160.3,-4137.9;-12166.2,-4130.6;-12171.9,-4136.2;-12181.6,-4129.0;-12191.3,-4132.5;-12216.4,-4157.8;-12229.0,-4162.9;-12233.9,-4158.6;-12235.2,-4144.3;-12239.5,-4142.7;-12249.2,-4146.5;-12271.6,-4142.2;-12280.0,-4146.5;-12286.7,-4158.4;-12314.8,-4178.3;-12345.2,-4229.0;-12346.6,-4238.5;-12381.6,-4277.3;-12447.9,-4386.5
|pond|11.83|-12393.9,-8055.7;-12398.7,-8090.8;-12367.9,-8090.3;-12366.3,-8082.7;-12352.3,-8082.7;-12351.2,-8093.5;-12315.5,-8100.6;-12317.1,-8056.7;-12393.9,-8055.7
|pond|52.69|-11777.5,-6909.6;-11857.5,-6907.9;-11852.4,-6921.0;-11828.4,-6932.0;-11785.1,-6946.3;-11774.1,-6945.4;-11765.3,-6920.2;-11777.5,-6909.6
|river|2.21|-12138.9,-10181.6;-12102.2,-10190.2;-12060.4,-10191.1;-12062.7,-10158.7;-12056.5,-10111.0;-12047.0,-10070.6;-12033.0,-10044.8;-12031.3,-9999.4;-11985.3,-9920.2;-11969.1,-9909.6;-11976.9,-9931.5;-11863.1,-9840.6;-11728.6,-9753.0;-11681.5,-9717.1;-11689.9,-9708.1;-11726.4,-9741.2;-11877.1,-9841.1;-11895.1,-9846.2;-11909.7,-9840.6;-11918.1,-9845.6;-11909.1,-9857.4;-11955.6,-9894.4;-11985.9,-9906.8;-12025.7,-9954.5;-12058.8,-10007.8;-12118.2,-10151.4;-12138.9,-10181.6
|water|0.8|-12384.3,-10227.5;-12379.4,-10243.5;-12403.6,-10264.7;-12343.2,-10333.8;-12315.5,-10309.5;-12305.6,-10312.8;-12332.7,-10285.7;-12350.3,-10303.4;-12368.3,-10285.3;-12365.7,-10280.7;-12373.7,-10282.0;-12385.7,-10269.7;-12363.9,-10248.4;-12384.3,-10227.5
|water|0.8|-12757.9,-10266.6;-12672.7,-10391.1;-12512.3,-10598.9;-12450.5,-10670.5;-12351.2,-10713.4;-12331.4,-10717.6;-12303.7,-10711.5;-12283.9,-10713.4;-12171.9,-10486.2;-12375.7,-10666.2;-12450.5,-10657.8;-12460.4,-10651.6;-12579.5,-10501.3;-12666.3,-10389.4;-12753.1,-10265.2;-12757.9,-10266.6
|river|2.54|-12588.9,-9697.4;-12579.2,-9649.1;-12655.2,-9610.4;-12687.6,-9603.5;-12725.7,-9579.3;-12756.8,-9529.9;-12824.7,-9465.2;-12792.2,-9504.4;-12754.7,-9564.0;-12750.3,-9600.2;-12725.3,-9616.2;-12624.9,-9662.1;-12588.9,-9697.4
|lake|0.8|-12803.1,-9973.7;-12815.6,-9996.9;-12784.5,-10034.2;-12760.4,-10041.3;-12751.5,-10063.0;-12739.3,-10032.7;-12722.0,-10035.4;-12709.6,-10027.2;-12693.4,-10008.8;-12689.6,-9990.4;-12698.2,-9967.7;-12711.8,-9953.1;-12731.8,-9963.4;-12750.1,-9943.4;-12779.9,-9949.3;-12792.3,-9943.9;-12798.8,-9948.2;-12803.1,-9973.7
|lake|52.22|-4417.9,-11065.6;-4308.6,-11019.7;-4352.5,-10945.9;-4374.5,-10938.6;-4396.9,-10938.1;-4408.1,-10949.3;-4431.6,-10953.2;-4421.3,-11022.6;-4431.1,-11032.9;-4426.7,-11054.4;-4413.5,-11053.4;-4412.5,-11057.3;-4419.4,-11059.7;-4417.9,-11065.6
|pond|66.2|-5396.0,-9932.8;-5431.5,-9935.7;-5445.0,-9955.4;-5449.8,-9974.2;-5435.9,-9988.6;-5408.5,-9985.7;-5394.0,-9967.5;-5396.0,-9932.8
유산1지|pond|41.7|-5809.5,-8178.6;-5808.4,-8205.2;-5789.4,-8216.0;-5783.6,-8214.5;-5765.3,-8167.9;-5770.7,-8161.3;-5784.3,-8164.2;-5809.5,-8178.6
|river|11.32|-5588.1,-6393.9;-5418.5,-6655.9;-5395.9,-6683.4;-5409.1,-6641.1;-5424.4,-6610.5;-5580.4,-6375.6;-5621.2,-6326.3;-5683.1,-6286.5;-5726.9,-6276.2;-5818.4,-6239.2;-5931.6,-6178.9;-5952.5,-6157.8;-5984.3,-6110.8;-6011.8,-6093.8;-6036.6,-6068.5;-6041.0,-6073.5;-6049.7,-6071.0;-6030.0,-6088.4;-6029.4,-6094.3;-5965.1,-6145.0;-5940.4,-6182.8;-5940.7,-6189.5;-5921.5,-6206.2;-5892.5,-6216.2;-5863.5,-6235.8;-5795.8,-6267.1;-5680.8,-6308.7;-5622.9,-6349.0;-5614.2,-6362.6;-5600.0,-6363.1;-5588.1,-6393.9
|pond|15.48|-5830.8,-2128.9;-5858.5,-2159.8;-5852.5,-2167.0;-5853.8,-2176.1;-5870.4,-2177.8;-5870.1,-2193.0;-5862.4,-2197.2;-5846.2,-2189.5;-5827.9,-2160.3;-5814.9,-2157.8;-5801.6,-2139.9;-5830.8,-2128.9
|reservoir|120.37|-4914.6,-4154.3;-4937.4,-4149.0;-4949.7,-4142.1;-4954.5,-4133.5;-4966.7,-4134.1;-4966.7,-4145.8;-4942.2,-4188.9;-4943.3,-4208.6;-4919.9,-4209.1;-4888.5,-4223.4;-4860.3,-4181.9;-4896.5,-4159.6;-4904.5,-4161.7;-4914.6,-4154.3
|reservoir|52.23|-4742.2,-8654.8;-4745.6,-8669.8;-4728.6,-8695.6;-4710.6,-8711.6;-4673.7,-8727.7;-4646.0,-8732.1;-4631.5,-8695.1;-4631.5,-8681.0;-4686.8,-8654.3;-4722.3,-8649.9;-4742.2,-8654.8
|water|3.7|-4730.0,-2498.5;-4699.0,-2561.9;-4659.1,-2541.9;-4689.2,-2478.6;-4730.0,-2498.5
|reservoir|144.39|-4398.1,12372.6;-4462.1,12360.5;-4468.2,12353.5;-4472.6,12337.4;-4491.8,12315.2;-4490.7,12301.6;-4466.3,12301.4;-4435.2,12322.9;-4400.9,12332.4;-4380.0,12350.2;-4389.3,12369.1;-4398.1,12372.6
|pond|151.5|-4368.1,12325.8;-4457.4,12282.1;-4461.4,12271.3;-4445.1,12264.9;-4419.6,12278.3;-4397.4,12271.5;-4382.9,12275.3;-4377.8,12280.1;-4368.1,12325.8
산정저수지|lake|123.4|-5188.5,9888.5;-5198.1,9882.8;-5213.9,9745.7;-5155.2,9731.1;-5095.3,9744.1;-5046.7,9742.4;-4982.9,9713.0;-4962.6,9709.1;-4927.6,9687.1;-4907.2,9683.1;-4807.3,9618.2;-4807.3,9566.3;-4797.7,9549.4;-4779.0,9532.5;-4740.6,9538.1;-4709.0,9514.4;-4716.9,9543.2;-4741.2,9561.3;-4740.1,9573.1;-4723.7,9574.8;-4725.4,9601.3;-4733.9,9619.9;-4733.9,9638.6;-4779.6,9719.2;-4833.3,9769.4;-4853.6,9771.1;-4872.8,9797.1;-4882.4,9794.8;-4917.4,9825.8;-4971.1,9843.3;-5058.0,9885.1;-5124.1,9894.1;-5188.5,9888.5
운곡저수지|lake|97.82|-5767.3,13108.5;-5785.1,12883.1;-5767.3,12873.8;-5747.8,12874.0;-5669.1,12886.8;-5639.2,12885.4;-5613.8,12867.0;-5520.4,12852.0;-5485.2,12841.6;-5440.1,12813.9;-5420.2,12807.9;-5365.6,12810.9;-5312.8,12785.5;-5266.8,12771.9;-5254.0,12743.0;-5235.8,12723.6;-5251.7,12756.4;-5260.3,12793.1;-5319.5,12845.3;-5377.4,12905.9;-5391.0,12935.2;-5398.2,12936.8;-5418.3,12979.1;-5439.6,12986.3;-5457.9,12979.4;-5502.1,13005.2;-5600.2,13031.1;-5635.4,13048.2;-5657.6,13073.4;-5678.2,13121.5;-5695.3,13132.1;-5714.4,13134.0;-5745.6,13105.1;-5754.3,13102.9;-5767.3,13108.5
|water|101.15|-5929.0,7485.0;-5936.6,7465.0;-5937.6,7428.4;-5930.0,7395.4;-5934.6,7385.4;-5981.1,7356.8;-6016.1,7319.4;-6013.4,7311.9;-5943.1,7254.5;-5900.0,7297.8;-5856.4,7327.3;-5766.2,7346.3;-5711.2,7380.4;-5635.4,7438.8;-5639.4,7451.8;-5654.5,7463.2;-5674.0,7465.5;-5726.1,7452.5;-5742.2,7464.0;-5766.7,7467.0;-5807.3,7487.5;-5812.8,7503.5;-5798.8,7519.0;-5789.3,7542.1;-5798.3,7544.6;-5823.8,7542.6;-5854.9,7527.5;-5872.4,7506.5;-5895.0,7494.0;-5929.0,7485.0
절골소류지|reservoir|113.24|-6658.1,14081.8;-6598.3,14095.4;-6515.6,14125.1;-6480.0,14143.6;-6412.6,14155.3;-6399.4,14166.1;-6419.2,14182.9;-6418.2,14187.7;-6439.0,14192.4;-6478.3,14188.2;-6491.4,14192.9;-6492.9,14198.2;-6534.1,14210.4;-6568.8,14234.0;-6580.0,14229.9;-6590.2,14236.5;-6589.8,14247.4;-6599.5,14253.3;-6633.9,14260.3;-6650.3,14249.9;-6659.6,14230.4;-6659.5,14152.4;-6652.7,14092.5;-6661.7,14091.3;-6658.1,14081.8
안평소류지|reservoir|90.12|-6581.7,6091.7;-6558.5,6048.8;-6521.7,6023.7;-6475.5,6041.5;-6491.6,6112.9;-6505.1,6130.5;-6581.7,6091.7
송정소류지|pond|81.52|-6609.5,5280.0;-6625.3,5265.3;-6629.0,5251.5;-6614.1,5208.3;-6588.5,5230.5;-6594.1,5254.9;-6609.5,5280.0
|pond|54.4|-6224.2,-8246.7;-6241.4,-8276.2;-6257.3,-8291.2;-6250.5,-8311.0;-6222.8,-8316.2;-6183.5,-8299.3;-6165.6,-8304.9;-6169.1,-8277.7;-6224.2,-8246.7
묘촌제1저수지|reservoir|46.77|-6882.5,-6930.1;-6931.2,-6945.3;-6973.5,-6965.3;-6995.8,-6978.9;-7026.2,-7009.2;-7021.4,-7017.2;-6975.9,-7029.2;-6902.9,-7040.3;-6862.2,-7038.6;-6882.5,-6930.1
두척소류지|pond|108.78|-7501.6,4158.7;-7502.0,4147.6;-7473.3,4112.6;-7460.9,4114.3;-7451.6,4157.6;-7456.0,4164.7;-7482.7,4165.8;-7501.6,4158.7
예곡저수지|reservoir|64.86|-7399.9,8531.3;-7409.1,8440.2;-7319.7,8444.5;-7282.5,8465.5;-7317.3,8488.9;-7338.4,8509.4;-7399.9,8531.3
양촌소류지|reservoir|62.45|-7063.7,13721.5;-7060.8,13729.3;-7069.1,13746.8;-7086.7,13745.9;-7090.8,13741.0;-7123.5,13745.9;-7141.5,13733.4;-7182.8,13686.9;-7125.2,13654.3;-7079.8,13712.7;-7063.7,13721.5
|lake|63.64|-7672.7,9578.9;-7623.3,9600.9;-7577.5,9630.6;-7557.3,9664.5;-7534.7,9681.1;-7523.4,9707.3;-7590.0,9723.9;-7611.5,9724.5;-7618.6,9688.3;-7675.1,9618.7;-7679.3,9590.8;-7672.7,9578.9
운서소류지|reservoir|48.16|-8168.7,12645.2;-8146.9,12552.1;-8113.8,12522.6;-8099.3,12531.4;-8092.0,12557.8;-8099.3,12642.6;-8108.6,12677.8;-8168.7,12645.2
평성소류지|reservoir|63.95|-8047.1,6662.3;-8052.9,6632.1;-8069.4,6614.1;-8091.1,6542.8;-8084.6,6525.5;-8030.4,6504.5;-8011.8,6517.6;-7997.7,6543.1;-7989.1,6548.6;-7951.2,6558.2;-7936.6,6554.6;-7926.7,6583.8;-7900.1,6612.1;-7960.6,6679.6;-8047.1,6662.3
|reservoir|105.61|-8485.2,4749.5;-8508.3,4726.1;-8529.0,4676.2;-8539.5,4664.1;-8540.6,4625.4;-8509.9,4631.5;-8477.0,4670.6;-8437.7,4704.8;-8485.2,4749.5
호계저수지|pond|62.25|-8686.0,6613.7;-8693.6,6598.6;-8698.7,6573.7;-8696.6,6565.4;-8606.8,6549.7;-8599.5,6554.0;-8609.1,6575.9;-8636.9,6595.6;-8686.0,6613.7
|lake|37.1|-8918.2,13568.3;-8934.0,13512.0;-8890.2,13498.5;-8854.2,13497.6;-8836.6,13501.7;-8823.0,13522.4;-8832.5,13535.5;-8864.5,13540.0;-8918.2,13568.3
호곡하소류지|lake|42.31|-9483.1,8217.3;-9505.2,8195.4;-9537.3,8146.2;-9502.4,8117.7;-9493.3,8118.4;-9446.5,8168.3;-9483.1,8217.3
|river|43.43|-9970.3,667.9;-9958.4,670.0;-9957.7,675.9;-9966.7,685.3;-9974.0,704.4;-9993.2,784.1;-10017.0,857.9;-10042.0,916.9;-10069.4,967.0;-10091.4,979.0;-10109.8,1028.1;-10123.1,1081.9;-10125.2,1137.0;-10120.3,1155.6;-10128.7,1176.1;-10129.3,1225.8;-10140.7,1240.9;-10137.5,1247.9;-10143.4,1258.8;-10149.6,1284.3;-10147.6,1297.3;-10154.1,1310.6;-10146.6,1346.1;-10149.2,1380.6;-10177.1,1526.8;-10189.1,1564.2;-10232.9,1645.6;-10263.3,1687.6;-10317.5,1745.2;-10336.3,1746.3;-10348.6,1768.7;-10346.9,1774.3;-10324.3,1774.2;-10478.4,1938.1;-10494.3,1946.5;-10517.3,1984.7;-10518.7,1994.5;-10569.7,2031.4;-10634.4,2060.9;-10683.9,2108.2;-10720.9,2153.9;-10737.4,2197.7;-10744.4,2204.5;-10745.1,2227.1;-10735.5,2258.7;-10670.9,2374.6;-10558.5,2455.2;-10524.0,2467.8;-10488.0,2469.2;-10436.7,2523.9;-10433.3,2546.8;-10424.0,2669.5;-10453.0,2717.4;-10445.3,2760.7;-10445.0,2797.0;-10431.4,2861.5;-10420.7,2888.4;-10421.6,2912.0;-10411.4,2996.8;-10401.1,3031.2;-10396.3,3147.8;-10390.7,3186.7;-10400.6,3231.0;-10391.2,3256.1;-10378.5,3331.2;-10367.9,3331.3;-10363.8,3377.1;-10373.5,3393.4;-10388.2,3454.3;-10405.9,3587.4;-10435.8,3666.5;-10433.5,3718.2;-10456.9,3853.5;-10468.1,4184.4;-10460.7,4199.5;-10415.4,4484.9;-10395.6,4565.1;-10368.6,4618.5;-10338.8,4660.6;-10265.4,4724.9;-10259.1,4732.3;-10252.8,4756.0;-10187.3,4823.2;-10133.9,4889.1;-10110.6,4925.9;-10064.7,5019.9;-10040.1,5094.4;-10030.5,5137.5;-10029.2,5167.9;-10011.2,5205.4;-10006.7,5225.8;-9974.3,5290.5;-9909.1,5304.8;-9751.0,5463.9;-9701.6,5507.7;-9568.0,5662.6;-9556.8,5679.9;-9514.5,5779.0;-9401.1,5961.0;-9360.8,6048.3;-9270.1,6167.9;-9188.4,6319.2;-9134.3,6481.1;-9106.4,6597.9;-9099.3,6745.2;-9076.4,6959.7;-9022.3,7135.7;-8863.4,7506.2;-8791.8,7607.8;-8717.6,7680.8;-8688.3,7696.2;-8615.1,7749.1;-8545.0,7826.3;-8520.3,7868.8;-8472.1,7927.3;-8455.9,7979.8;-8439.5,8059.4;-8434.3,8134.5;-8440.6,8200.3;-8458.2,8277.0;-8470.8,8307.2;-8502.5,8341.8;-8524.4,8312.8;-8555.5,8341.3;-8602.0,8399.7;-8659.3,8447.0;-8782.7,8530.6;-8837.1,8576.1;-8873.5,8557.3;-8632.9,8392.8;-8579.6,8346.8;-8531.6,8276.9;-8518.7,8288.0;-8499.4,8269.9;-8497.8,8245.2;-8505.5,8231.7;-8484.4,8206.4;-8471.9,8149.5;-8467.2,8092.1;-8466.1,8018.1;-8470.6,7978.4;-8480.7,7952.0;-8514.9,7893.6;-8604.4,7776.4;-8628.8,7802.7;-8705.0,7742.4;-8765.2,7710.4;-8780.6,7649.9;-8876.1,7527.7;-8922.9,7424.0;-8962.0,7360.5;-8974.0,7332.4;-9002.4,7247.6;-9042.0,7149.8;-9051.8,7103.7;-9080.6,7042.9;-9100.1,6953.3;-9105.9,6901.6;-9124.8,6641.0;-9140.4,6586.1;-9186.1,6555.7;-9183.6,6543.9;-9154.7,6528.9;-9150.4,6496.2;-9161.6,6460.8;-9169.2,6452.9;-9236.0,6297.0;-9275.0,6238.4;-9298.5,6189.0;-9292.0,6184.5;-9335.5,6127.8;-9426.9,5952.9;-9555.2,5766.1;-9619.8,5641.7;-9784.5,5463.1;-9894.8,5356.8;-9921.3,5324.1;-9953.1,5301.0;-9971.3,5297.3;-9983.1,5286.6;-10031.7,5205.5;-10059.2,5127.0;-10077.0,5047.7;-10084.8,5040.8;-10095.3,5013.9;-10097.3,4996.3;-10115.7,4943.1;-10148.7,4906.5;-10190.8,4841.4;-10244.6,4773.0;-10329.4,4684.0;-10348.3,4674.3;-10370.3,4651.0;-10403.2,4597.7;-10411.9,4595.0;-10436.9,4483.8;-10459.5,4348.4;-10470.9,4336.3;-10465.3,4323.6;-10464.8,4299.7;-10472.0,4287.0;-10477.3,4245.0;-10483.0,4156.9;-10479.2,3992.4;-10486.3,3843.7;-10500.5,3829.8;-10498.5,3816.7;-10481.7,3801.4;-10475.4,3785.2;-10450.3,3690.3;-10444.3,3613.8;-10432.7,3572.3;-10420.4,3559.5;-10415.5,3544.2;-10415.2,3536.1;-10423.0,3523.4;-10421.5,3508.5;-10410.7,3433.1;-10398.8,3390.6;-10393.4,3338.6;-10408.1,3227.3;-10405.0,3087.0;-10416.3,3039.0;-10417.0,3001.8;-10427.0,2932.1;-10426.1,2893.7;-10439.7,2867.3;-10449.6,2823.7;-10450.1,2791.1;-10461.5,2769.1;-10460.8,2709.1;-10455.7,2691.5;-10463.7,2621.2;-10447.8,2596.4;-10447.4,2531.7;-10457.2,2512.1;-10476.2,2495.5;-10560.6,2469.0;-10659.3,2408.9;-10689.3,2362.1;-10715.6,2344.8;-10732.3,2322.9;-10748.1,2265.7;-10755.1,2206.2;-10743.7,2176.2;-10739.0,2175.1;-10707.0,2114.2;-10686.0,2097.4;-10674.9,2077.9;-10655.0,2059.7;-10588.1,2014.6;-10553.9,2001.6;-10500.5,1931.6;-10381.3,1816.2;-10370.0,1795.7;-10368.4,1775.7;-10357.4,1769.5;-10340.7,1742.9;-10288.8,1704.3;-10270.5,1683.7;-10248.0,1655.9;-10205.9,1582.7;-10165.6,1428.5;-10155.7,1344.2;-10164.0,1334.3;-10162.7,1301.2;-10149.1,1227.8;-10141.7,1222.2;-10140.6,1238.7;-10136.6,1222.8;-10135.2,1191.5;-10145.8,1188.3;-10144.0,1181.5;-10131.8,1173.5;-10132.6,1137.2;-10124.8,1092.9;-10128.3,1082.3;-10133.1,1080.5;-10122.1,1017.4;-10104.9,978.3;-10061.0,915.5;-10050.4,909.4;-10043.0,893.7;-10045.9,885.5;-10017.5,823.3;-9985.9,692.0;-9970.3,667.9
입곡저수지|reservoir|71.2|-9154.8,-6912.9;-9154.1,-6879.6;-9211.4,-6816.4;-9226.4,-6784.5;-9228.3,-6758.4;-9287.6,-6683.5;-9315.0,-6660.0;-9341.7,-6620.3;-9360.5,-6609.8;-9362.5,-6583.1;-9378.8,-6584.4;-9400.9,-6602.0;-9451.1,-6598.8;-9473.9,-6583.8;-9492.1,-6587.0;-9509.7,-6604.6;-9568.3,-6627.4;-9594.3,-6645.7;-9605.4,-6665.2;-9600.8,-6680.2;-9544.7,-6749.9;-9486.2,-6737.6;-9453.7,-6736.9;-9391.1,-6748.7;-9371.6,-6757.8;-9339.1,-6783.8;-9316.9,-6806.6;-9305.8,-6828.8;-9303.2,-6890.7;-9280.4,-6954.6;-9261.1,-6941.7;-9259.0,-6924.6;-9237.5,-6891.4;-9219.2,-6875.7;-9178.9,-6879.0;-9167.1,-6891.4;-9166.5,-6905.7;-9154.8,-6912.9
|reservoir|213.86|-8718.7,-1018.1;-8769.6,-1075.6;-8778.0,-1104.0;-8782.8,-1154.4;-8779.3,-1174.3;-8772.7,-1185.0;-8758.1,-1186.3;-8732.8,-1163.7;-8694.3,-1101.3;-8664.7,-1083.2;-8673.5,-1064.1;-8718.7,-1018.1
|pond|122.73|-8294.2,-4599.6;-8246.0,-4655.0;-8225.1,-4653.4;-8225.6,-4593.7;-8240.9,-4579.5;-8269.0,-4569.3;-8294.2,-4599.6
|pond|11.18|-7902.4,-8157.7;-7927.3,-8154.1;-7925.5,-8192.9;-7921.6,-8199.9;-7854.0,-8221.2;-7822.1,-8223.4;-7815.7,-8207.1;-7819.9,-8202.4;-7842.6,-8196.8;-7902.4,-8157.7
|pond|21.44|-9004.1,-10072.4;-9013.5,-10074.3;-9022.7,-10085.3;-9069.9,-10101.8;-9062.3,-10123.9;-9047.1,-10126.3;-8995.4,-10109.5;-8993.6,-10102.4;-9004.1,-10072.4
교동소류지|reservoir|75.62|-9632.7,-9000.0;-9668.2,-9000.4;-9718.9,-9036.2;-9676.8,-9077.8;-9668.8,-9060.7;-9640.8,-9041.5;-9613.9,-9011.9;-9632.7,-9000.0
|pond|38.42|-9786.9,-10296.6;-9731.9,-10344.3;-9726.9,-10340.3;-9725.2,-10320.7;-9735.8,-10302.2;-9761.6,-10287.6;-9768.9,-10276.9;-9781.2,-10275.8;-9786.9,-10296.6
신평소류지|reservoir|99.43|-9791.8,4141.8;-9801.2,4141.8;-9819.6,4050.9;-9808.6,4047.4;-9789.4,4061.5;-9771.4,4055.3;-9753.9,4072.5;-9737.5,4068.9;-9724.7,4055.3;-9717.8,4067.4;-9723.9,4071.2;-9723.9,4084.3;-9729.1,4093.5;-9777.3,4122.2;-9791.8,4141.8
|pond|60.52|-9747.1,7996.0;-9754.7,7994.5;-9766.4,7980.6;-9777.6,7959.2;-9751.0,7919.9;-9706.9,7945.0;-9747.1,7996.0
|pond|44.34|-10351.7,8959.1;-10358.1,8958.1;-10388.8,8929.8;-10390.8,8916.2;-10383.5,8876.2;-10358.1,8875.7;-10333.7,8912.3;-10351.7,8959.1
|reservoir|66.79|-10577.2,8760.2;-10589.4,8759.2;-10601.6,8741.6;-10650.9,8711.4;-10659.2,8699.2;-10645.5,8675.3;-10617.2,8676.3;-10591.3,8669.0;-10579.1,8654.4;-10564.5,8659.3;-10554.7,8676.8;-10524.5,8687.5;-10577.2,8760.2
|pond|113.79|-11343.3,5002.1;-11351.6,5006.5;-11369.7,5003.5;-11390.0,4993.2;-11427.1,4995.5;-11436.5,4986.9;-11413.9,4966.1;-11363.9,4955.8;-11340.0,4992.5;-11343.3,5002.1
달전저수지|reservoir|86.42|-11398.6,9234.5;-11460.9,9059.4;-11457.7,9020.1;-11443.5,9015.2;-11398.9,9034.6;-11360.3,9093.4;-11322.7,9106.5;-11304.0,9106.1;-11310.7,9160.6;-11305.4,9215.4;-11308.9,9220.4;-11398.6,9234.5
큰골못|pond|39.62|-11290.6,10563.1;-11299.1,10552.5;-11307.9,10527.7;-11312.3,10495.8;-11306.2,10472.8;-11296.9,10465.5;-11285.5,10468.5;-11264.0,10521.6;-11252.6,10537.9;-11290.6,10563.1
무릉골못|pond|42.66|-11177.6,10219.4;-11193.6,10178.0;-11172.0,10162.6;-11135.7,10181.9;-11127.1,10197.0;-11177.6,10219.4
|pond|14.56|-11292.6,20792.6;-11304.7,20786.8;-11310.4,20756.8;-11304.5,20744.4;-11294.0,20736.1;-11276.9,20739.1;-11264.0,20756.1;-11260.8,20766.8;-11263.5,20776.1;-11292.6,20792.6
|pond|4.57|-10952.4,19956.9;-10955.4,19948.9;-10853.4,19950.8;-10832.6,19984.2;-10896.8,19982.0;-10952.4,19956.9
|pond|8.82|-7121.9,21141.7;-7153.8,21079.9;-7149.4,21071.6;-7104.5,21079.9;-7110.1,21139.5;-7121.9,21141.7
|reservoir|63.27|-6987.4,23471.8;-7006.7,23477.7;-7021.1,23457.5;-7033.3,23397.4;-7028.4,23389.8;-7000.1,23374.2;-6950.8,23389.8;-6954.5,23413.2;-6951.1,23430.5;-6978.4,23448.7;-6987.4,23471.8
내동소류지|reservoir|29.44|-6557.5,22325.9;-6568.1,22329.9;-6593.8,22313.0;-6600.1,22286.7;-6582.5,22244.9;-6569.0,22237.2;-6521.3,22236.9;-6505.8,22254.0;-6508.4,22271.2;-6535.8,22284.7;-6547.4,22299.9;-6557.5,22325.9
이령저수지|reservoir|47.96|-6775.3,17905.2;-6813.3,17824.2;-6793.3,17807.5;-6733.1,17788.2;-6708.2,17791.4;-6634.3,17779.2;-6624.6,17799.1;-6752.8,17898.1;-6775.3,17905.2
가연저수지|reservoir|81.43|-6734.8,15670.7;-6751.1,15680.0;-6781.1,15678.6;-6807.3,15700.4;-6850.8,15719.8;-6877.0,15717.0;-6920.8,15726.3;-6929.8,15721.8;-6941.0,15729.9;-6942.7,15742.0;-6948.9,15729.9;-6964.4,15739.7;-6973.4,15729.1;-6992.7,15724.0;-7005.7,15709.4;-7003.1,15672.4;-6990.8,15608.1;-6982.9,15602.2;-6964.1,15613.7;-6929.5,15617.4;-6893.5,15637.0;-6832.3,15652.5;-6827.8,15658.4;-6815.4,15654.4;-6811.5,15659.2;-6804.7,15654.4;-6741.2,15662.6;-6734.8,15670.7
검단저수지|reservoir|81.03|-6642.5,16820.1;-6661.2,16740.4;-6656.8,16729.5;-6610.9,16707.4;-6572.8,16695.8;-6543.1,16677.9;-6495.0,16627.9;-6451.2,16595.2;-6438.9,16577.1;-6389.8,16600.6;-6399.7,16630.4;-6452.0,16681.9;-6496.3,16740.1;-6547.0,16784.0;-6577.0,16799.2;-6642.5,16820.1
|reservoir|109.33|-6339.9,15493.7;-6359.7,15468.5;-6367.2,15442.9;-6330.1,15411.7;-6303.3,15399.4;-6261.8,15398.9;-6253.4,15412.2;-6265.2,15420.6;-6274.1,15420.6;-6271.7,15431.5;-6294.9,15441.4;-6309.8,15461.1;-6312.7,15476.9;-6322.1,15483.4;-6324.1,15492.7;-6339.9,15493.7
하내소류지|pond|30.53|-5518.6,21115.9;-5539.6,21064.0;-5536.7,21059.7;-5482.3,21060.6;-5478.4,21071.1;-5482.0,21085.9;-5495.9,21115.1;-5505.2,21121.2;-5518.6,21115.9
음달못|pond|105.42|-5119.8,18160.6;-5174.8,18103.8;-5175.8,18084.2;-5146.8,18067.1;-5117.9,18069.7;-5100.8,18082.2;-5097.2,18125.9;-5100.1,18140.7;-5107.2,18156.1;-5119.8,18160.6
|reservoir|94.23|-4953.6,16630.6;-4950.7,16619.6;-4960.0,16623.3;-4962.0,16619.9;-4957.6,16608.9;-4936.5,16593.9;-4915.4,16549.9;-4917.4,16533.2;-4911.0,16527.4;-4903.2,16534.6;-4889.3,16523.1;-4880.6,16523.7;-4846.5,16533.5;-4841.6,16540.1;-4847.9,16574.5;-4881.5,16571.9;-4901.8,16578.6;-4915.4,16591.0;-4921.2,16606.0;-4931.6,16617.3;-4953.6,16630.6
양촌못|pond|88.73|-4477.4,18748.6;-4487.6,18771.9;-4549.2,18811.4;-4568.1,18795.0;-4619.7,18770.6;-4624.9,18758.7;-4584.2,18624.4;-4550.4,18637.4;-4527.3,18672.3;-4498.2,18695.9;-4479.6,18732.6;-4477.4,18748.6
|pond|12.2|-4410.6,21894.3;-4391.3,21842.0;-4349.0,21865.3;-4370.2,21919.0;-4382.3,21916.3;-4410.6,21894.3
창동소류지|pond|26.28|-11810.0,15224.3;-11806.1,15218.7;-11741.7,15204.8;-11738.3,15208.2;-11742.7,15213.6;-11733.9,15236.0;-11736.6,15246.2;-11810.0,15224.3
|reservoir|8.62|-11630.9,18363.1;-11645.1,18403.0;-11736.3,18409.3;-11748.5,18404.0;-11807.1,18324.1;-11835.9,18259.8;-11877.4,18229.1;-11812.5,18203.8;-11765.1,18171.2;-11726.1,18168.3;-11646.1,18146.3;-11624.1,18168.3;-11621.7,18178.5;-11630.9,18363.1
고실소류지|pond|30.89|-12154.5,15406.7;-12211.2,15367.3;-12207.0,15345.3;-12185.3,15343.4;-12143.1,15355.3;-12122.1,15353.1;-12113.3,15362.6;-12114.1,15378.5;-12154.5,15406.7
|water|7.74|-12870.0,23213.8;-12865.6,23205.5;-12855.8,23202.1;-12844.1,23210.9;-12820.7,23186.5;-12809.0,23195.3;-12785.5,23270.7;-12775.8,23276.1;-12760.2,23377.8;-12749.7,23416.2;-12764.3,23427.4;-12819.2,23314.5;-12826.5,23284.3;-12813.6,23280.4;-12827.6,23253.6;-12870.0,23213.8
강태소류지|reservoir|30.23|-12699.9,15556.7;-12688.1,15521.2;-12667.9,15500.5;-12641.8,15487.1;-12599.6,15487.8;-12601.8,15502.4;-12612.5,15519.5;-12623.3,15554.3;-12638.9,15582.1;-12699.9,15556.7
대치저수지|pond|26.39|-13026.3,17492.9;-13034.1,17449.1;-13011.9,17419.6;-12989.2,17425.2;-12985.1,17483.9;-12988.0,17489.0;-13019.2,17495.6;-13026.3,17492.9
소사소류지|reservoir|28.92|-13521.6,14645.5;-13539.4,14633.3;-13556.5,14598.0;-13556.5,14589.0;-13533.6,14585.4;-13489.4,14560.0;-13474.0,14561.5;-13450.8,14577.3;-13450.6,14594.6;-13468.4,14616.5;-13497.7,14644.6;-13521.6,14645.5
댓질소류지|reservoir|26.48|-13682.1,15761.8;-13678.7,15717.0;-13673.4,15708.5;-13604.6,15694.9;-13597.7,15703.4;-13598.7,15712.4;-13612.1,15723.6;-13645.8,15778.6;-13682.1,15761.8
신촌소류지|pond|18.17|-13604.6,17660.7;-13617.7,17628.3;-13575.8,17595.7;-13557.0,17595.4;-13548.2,17600.3;-13555.0,17625.1;-13588.0,17652.9;-13604.6,17660.7
도흥지|reservoir|18.96|-13852.0,19752.6;-13825.6,19729.7;-13805.1,19701.9;-13784.2,19640.1;-13744.6,19595.8;-13731.5,19623.6;-13728.5,19663.5;-13711.9,19726.3;-13682.7,19752.1;-13676.3,19773.5;-13691.0,19796.4;-13712.4,19798.8;-13852.0,19752.6
이곡소류지|reservoir|28.58|-13815.1,16813.5;-13834.6,16796.4;-13817.3,16758.7;-13818.5,16733.1;-13784.1,16714.1;-13748.3,16761.6;-13795.4,16787.2;-13815.1,16813.5
학계지|reservoir|26.96|-14533.2,22732.0;-14537.6,22726.2;-14535.1,22716.4;-14514.4,22689.7;-14516.6,22676.3;-14499.5,22672.1;-14411.7,22701.8;-14412.9,22743.2;-14437.0,22737.1;-14476.6,22739.5;-14533.2,22732.0
목지소류지|pond|21.94|-14563.4,17200.9;-14594.4,17168.5;-14569.3,17137.6;-14520.5,17147.6;-14497.6,17169.5;-14509.3,17182.9;-14537.6,17183.6;-14563.4,17200.9
평림소류지|pond|18.96|-15120.7,15689.3;-15122.4,15662.7;-15118.0,15649.3;-15110.0,15642.2;-15088.5,15647.4;-15052.4,15669.5;-15062.1,15695.6;-15120.7,15689.3
낙동강|river|6.56|-16850.2,21505.2;-16621.4,21142.5;-16569.8,21076.1;-16499.9,20974.0;-16420.8,20882.0;-16382.2,20827.1;-16337.0,20784.6;-16306.6,20763.5;-16282.2,20732.5;-16254.5,20718.0;-16164.7,20688.8;-16082.7,20623.6;-15950.0,20553.6;-15934.4,20538.0;-15917.7,20510.6;-15897.5,20494.8;-15864.6,20488.7;-15821.3,20497.3;-15795.3,20493.4;-15635.5,20424.8;-15516.7,20382.4;-15447.6,20328.6;-15223.4,20216.9;-15148.0,20187.0;-15056.0,20164.1;-14893.5,20143.1;-14864.5,20116.6;-14834.9,20106.1;-14707.7,20083.0;-14518.9,20058.0;-14499.3,20050.0;-14481.8,20027.0;-14464.9,20018.0;-14298.7,19982.8;-14060.0,19914.1;-13907.1,19885.3;-13839.0,19879.5;-13684.5,19904.4;-13660.7,19904.1;-13564.3,19885.4;-13517.8,19888.6;-13474.4,19902.0;-13433.3,19939.7;-13418.4,19947.4;-13401.5,19948.4;-13379.1,19938.8;-13358.5,19936.9;-13336.4,19958.1;-13301.8,19972.5;-13266.5,19974.2;-13209.7,19963.6;-13096.2,19974.9;-13077.2,19983.2;-13059.5,20008.8;-12994.6,20028.7;-12963.0,20026.9;-12935.8,20010.6;-12921.8,20008.0;-12709.6,20058.8;-12613.7,20089.6;-12551.8,20130.7;-12519.6,20164.6;-12504.6,20196.1;-12469.4,20303.7;-12436.7,20357.4;-12416.8,20403.6;-12367.4,20474.3;-12352.8,20480.3;-12303.0,20458.5;-12269.6,20461.1;-12254.8,20474.7;-12244.8,20524.9;-12120.3,20617.8;-12107.0,20635.2;-12089.2,20675.9;-12004.6,20689.6;-11920.8,20731.8;-11893.1,20758.3;-11869.6,20793.8;-11850.3,20813.9;-11648.5,20962.3;-11927.2,21312.4;-12033.5,21196.8;-12218.8,20969.7;-12308.9,20848.1;-12405.6,20734.4;-12495.3,20647.2;-12598.8,20565.3;-12687.3,20502.3;-12818.0,20433.4;-12909.7,20401.1;-13158.6,20335.3;-13258.7,20328.4;-13273.5,20321.4;-13299.1,20288.6;-13321.3,20285.4;-13327.8,20289.1;-13337.4,20312.3;-13369.0,20324.6;-13650.2,20324.4;-13745.6,20333.9;-13817.1,20332.2;-13953.0,20345.4;-14085.5,20366.0;-14446.8,20443.2;-14637.8,20516.7;-14779.5,20552.8;-14954.0,20611.5;-15318.0,20756.5;-15423.8,20803.4;-15463.6,20808.1;-15524.4,20828.3;-15614.3,20869.3;-15696.3,20916.8;-15801.4,20968.8;-16000.3,21094.2;-16304.8,21345.7;-16344.8,21391.7;-16438.0,21520.2;-16550.2,21685.7;-16620.0,21799.1;-16725.1,22002.1;-16778.1,22118.4;-16840.5,22238.4;-16892.0,22322.9;-16938.7,22457.7;-16983.0,22520.5;-16997.7,22617.0;-17027.6,22659.7;-17059.2,22764.1;-17113.1,22844.8;-17198.8,23056.8;-17228.0,23108.1;-17249.6,23213.7;-17271.1,23267.6;-17304.6,23321.3;-17307.0,23333.2;-17303.5,23353.2;-17313.5,23364.9;-17346.8,23375.5;-17353.4,23382.2;-17356.1,23432.3;-17381.5,23483.6;-17406.7,23561.9;-17445.5,23610.9;-17500.3,23717.6;-17540.8,23782.5;-17584.5,23822.0;-17594.2,23836.4;-17605.9,23863.5;-17598.6,23901.2;-17612.2,23933.6;-17675.2,23996.6;-17712.6,24019.6;-17803.6,24095.3;-17846.5,24157.3;-17920.2,24230.3;-17968.2,24297.2;-18014.4,24333.7;-18081.0,24361.0;-18170.3,24388.2;-18489.6,24446.6;-18550.6,24449.1;-18664.3,24463.9;-18860.7,24502.6;-19031.1,24547.9;-19656.4,24693.1;-19775.7,24727.7;-20126.1,24853.2;-20555.7,25044.0;-20731.5,25142.8;-20838.3,25218.1;-20905.2,25246.7;-20954.2,25279.0;-21037.6,25340.6;-21109.8,25406.0;-21187.6,25496.8;-21303.8,25645.4;-21409.7,25803.1;-21481.2,25930.1;-21623.4,26147.6;-21698.8,26272.8;-21856.4,26481.6;-21877.9,26516.8;-21992.6,26742.8;-22057.0,26886.8;-22068.0,26921.6;-22115.0,27218.2;-22119.9,27396.0;-22447.1,27460.7;-22453.7,27397.4;-22441.4,27318.3;-22363.9,27117.9;-22309.1,26915.1;-22311.7,26867.4;-22268.9,26727.6;-22256.3,26704.3;-22176.3,26602.7;-22139.3,26538.9;-22104.7,26452.9;-22067.2,26377.1;-21938.6,26189.2;-21907.7,26128.6;-21771.3,25815.0;-21718.8,25727.4;-21598.8,25542.0;-21479.9,25379.7;-21333.8,25200.7;-21259.6,25136.4;-21212.9,25116.7;-21163.6,25106.5;-21124.5,25086.3;-21099.6,25065.6;-21080.5,25031.8;-21051.3,25001.2;-21004.4,24960.5;-20931.5,24912.8;-20773.8,24823.5;-20438.1,24645.7;-20263.2,24584.6;-20007.0,24469.3;-19923.6,24457.3;-19842.5,24429.4;-19589.8,24356.6;-19512.7,24347.4;-19388.0,24297.2;-19345.3,24287.0;-19184.5,24268.3;-19074.1,24224.4;-19009.1,24224.7;-18944.9,24193.8;-18379.6,24002.3;-18333.5,23978.7;-18222.7,23904.7;-18176.9,23852.9;-18132.0,23813.5;-18039.2,23742.2;-17944.6,23680.4;-17913.6,23650.2;-17758.2,23424.4;-17682.5,23336.0;-17637.4,23252.3;-17577.6,23120.2;-17538.4,23051.1;-17506.4,22962.5;-17464.7,22872.9;-17343.2,22683.6;-17249.0,22468.7;-17195.8,22315.8;-17131.9,22164.2;-17047.5,21944.9;-16936.3,21686.7;-16863.5,21543.8;-16850.2,21505.2
|river|5.39|-16850.2,21505.2;-16940.8,21476.9;-16980.8,21455.9;-17111.9,21370.5;-17305.8,21257.3;-17419.5,21166.5;-17458.8,21122.0;-17554.2,20986.4;-17635.2,20895.8;-17686.5,20830.3;-17820.2,20638.5;-17605.9,20520.0;-17451.0,20763.2;-17401.0,20834.0;-17292.9,20969.3;-17234.8,21030.0;-17206.0,21052.8;-17057.9,21139.5;-16958.4,21169.7;-16871.3,21177.7;-16713.4,21160.2;-16621.4,21142.5;-16850.2,21505.2
|pond|6.98|-18185.1,20478.6;-18267.1,20442.1;-18270.3,20422.6;-18260.3,20367.5;-18241.6,20347.2;-18200.0,20339.5;-18136.2,20362.4;-18095.4,20350.6;-18095.4,20385.3;-18062.3,20425.1;-18068.3,20442.1;-18080.5,20454.5;-18148.1,20417.8;-18185.1,20478.6
서촌상소류지|reservoir|44.11|-17983.1,14843.1;-17978.3,14777.8;-17940.2,14791.0;-17923.1,14786.6;-17910.4,14791.0;-17910.4,14807.0;-17866.5,14852.8;-17861.6,14911.8;-17983.1,14843.1
서촌하소류지|reservoir|37.57|-18336.9,14769.5;-18338.4,14675.5;-18216.9,14700.8;-18190.0,14715.0;-18189.1,14761.7;-18253.5,14772.9;-18336.9,14769.5
|water|58.36|8672.6,23452.4;8640.0,23428.6;8496.4,23436.2;8494.8,23392.5;8484.0,23387.8;8481.6,23352.6;8532.1,23331.7;8660.1,23306.1;8692.7,23404.9;8672.6,23452.4
초동저수지|reservoir|10.09|5774.8,23290.7;5754.0,23219.0;5725.9,23205.8;5714.4,23167.9;5666.2,23157.3;5629.8,23160.7;5546.4,22435.6;5588.2,22391.6;5714.4,22424.3;5810.4,22385.1;5883.6,22444.3;6110.1,22565.7;6195.4,22621.2;6201.6,22674.5;6076.1,22829.7;6073.5,23178.7;5984.1,23285.3;5808.5,23333.6;5774.8,23290.7
산남저수지|reservoir|3.5|4465.7,16297.9;4462.5,16215.0;4532.5,16130.6;4540.5,16052.4;4625.6,15974.8;4700.3,15934.7;4731.3,15886.8;4697.0,15858.0;4660.1,15855.0;4623.2,15842.9;4602.1,15779.0;4609.7,15732.9;4581.1,15663.6;4615.5,15495.5;4580.9,15251.0;4516.0,15083.7;4539.0,15051.4;4549.6,14994.5;4625.4,14686.1;4685.0,14603.9;4781.1,14653.5;4870.4,14715.0;4916.5,15079.9;4915.3,15108.9;4832.1,15178.2;4821.9,15192.9;4839.0,15217.3;4889.2,15249.1;4937.7,15257.2;5036.5,15254.6;5094.1,15331.1;5107.9,15392.1;5116.0,15530.4;5121.2,15796.6;5047.8,15995.8;4512.1,16304.3;4465.7,16297.9
봉곡저수지|reservoir|7.65|3714.5,16539.3;3707.9,16535.6;3712.8,16469.4;3739.8,16424.5;3695.4,16401.6;3672.0,16438.2;3568.1,16382.9;3645.7,16259.9;3666.9,16266.0;3678.1,16246.0;3711.3,16261.8;3729.8,16284.5;3736.9,16278.2;3746.4,16280.1;3762.3,16273.5;3793.8,16248.7;3826.0,16268.7;3833.8,16266.2;3864.5,16202.7;3933.6,16229.0;3933.6,16243.1;3714.5,16539.3
|reservoir|35.99|3068.5,15041.9;3092.7,14954.1;3090.2,14912.5;3098.3,14902.5;3101.7,14886.9;3099.5,14843.0;3148.6,14801.2;3190.9,14790.2;3215.7,14798.6;3220.2,14820.7;3220.0,14884.1;3225.1,14940.9;3249.7,15048.9;3236.3,15059.7;3068.5,15041.9
|pond|55.93|-3466.0,14536.5;-3428.3,14556.7;-3449.1,14594.1;-3477.2,14604.8;-3492.0,14599.5;-3495.9,14581.0;-3466.0,14536.5
|pond|58.19|-3434.5,14629.5;-3365.2,14649.5;-3382.0,14683.3;-3409.9,14679.1;-3446.3,14661.6;-3434.5,14629.5
뿔당골1저수지|pond|38.57|-764.9,22773.5;-763.5,22765.4;-768.9,22765.0;-770.2,22759.4;-764.3,22761.4;-758.2,22754.6;-737.4,22747.9;-727.1,22751.6;-712.5,22746.9;-694.5,22748.7;-685.3,22758.3;-684.3,22765.8;-693.5,22772.7;-764.9,22773.5
신촌저수지|reservoir|11.41|-1425.4,16014.7;-1434.8,15988.4;-1436.5,15969.1;-1431.9,15949.4;-1408.0,15944.3;-1368.3,15956.4;-1286.4,15948.9;-1207.1,15955.7;-1183.0,15971.7;-1159.3,15974.8;-1131.8,15987.3;-1082.9,15985.3;-1078.9,15993.4;-1091.4,16014.3;-1121.0,16160.6;-1133.8,16200.1;-1154.0,16233.8;-1183.8,16181.9;-1193.3,16169.4;-1208.0,16161.1;-1206.5,16155.4;-1239.6,16137.0;-1249.5,16125.6;-1321.3,16098.8;-1367.8,16046.5;-1425.4,16014.7
뿔당골2저수지|pond|43.01|-582.6,22745.4;-619.8,22724.1;-615.6,22710.4;-609.7,22708.7;-623.7,22686.6;-617.4,22677.5;-597.8,22676.8;-597.4,22686.2;-585.3,22687.2;-558.3,22671.4;-564.6,22686.2;-554.6,22689.8;-556.9,22704.3;-552.7,22717.5;-556.5,22729.8;-570.7,22742.7;-582.6,22745.4
마산소류지|pond|40.94|389.0,15407.7;363.8,15399.8;362.5,15383.1;384.5,15354.1;405.0,15350.8;414.3,15362.4;415.7,15381.4;406.8,15399.9;389.0,15407.7
낙동강|river|2.82|-713.1,20110.0;-567.4,19851.5;-549.8,19828.9;-432.5,19710.3;-353.7,19615.6;-161.4,19460.3;-90.4,19406.7;-48.5,19381.6;43.3,19356.8;121.1,19323.2;188.5,19282.0;386.1,19145.7;432.9,19120.6;507.8,19086.8;547.8,19086.5;705.2,19038.1;736.7,19025.7;757.9,19001.8;825.0,18982.6;879.7,18986.2;939.2,18973.3;961.2,18977.5;1010.4,18965.5;1090.5,18956.5;1103.6,18945.6;1134.1,18952.6;1183.7,18938.7;1280.8,18922.7;1334.0,18923.2;1406.9,18935.3;1446.4,18920.0;1448.6,18915.1;1441.8,18891.8;1445.0,18887.4;1473.0,18883.5;1497.2,18865.5;1537.0,18862.8;1578.0,18873.5;1592.4,18861.3;1626.5,18851.6;1634.6,18852.6;1652.6,18873.7;1684.6,18886.4;1747.0,18922.0;1835.4,18978.2;1878.5,18989.6;1922.5,19012.3;1952.5,19010.3;2028.1,19049.0;2091.5,19042.8;2136.7,19060.2;2367.3,19082.4;2472.4,19083.6;2554.6,19094.1;2565.1,19089.0;2616.4,19097.0;2780.3,19097.5;2951.4,19082.2;3287.3,19068.0;3358.1,19076.1;3480.1,19110.6;3571.3,19126.2;3636.7,19159.1;3657.0,19162.5;3822.4,19180.8;3891.9,19177.6;4018.1,19187.8;4126.4,19204.9;4194.5,19227.0;4253.3,19260.1;4656.6,19421.3;4724.6,19454.7;4813.0,19508.0;4923.7,19536.0;5067.7,19584.4;5177.2,19599.0;5460.3,19675.5;5576.4,19697.4;5694.0,19704.0;5892.1,19676.9;5924.8,19688.1;5953.4,19685.5;5971.4,19662.6;5989.5,19652.1;6020.9,19654.5;6114.9,19633.6;6441.8,19540.6;6621.6,19473.4;6911.0,19347.8;7050.6,19279.1;7263.6,19145.9;7470.7,18981.4;7649.5,18862.8;7815.7,18741.8;7865.2,18713.5;8022.1,18586.7;8061.2,18544.1;8101.2,18488.1;8160.0,18424.0;8255.5,18323.1;8365.2,18220.5;8418.2,18164.4;8459.6,18136.5;8483.7,18127.4;8513.3,18082.4;8638.0,17997.5;8653.1,17977.0;8669.6,17964.4;8731.6,17931.1;8764.0,17926.2;8768.1,17913.9;8802.0,17887.1;8909.9,17817.3;8954.1,17792.9;9018.4,17771.0;9101.0,17723.2;9248.2,17671.0;9333.7,17666.8;9355.9,17655.9;9372.8,17654.5;9403.1,17616.5;9445.9,17574.2;9483.0,17507.9;9496.2,17470.2;9486.7,17434.9;9472.3,17426.7;9455.2,17437.4;9448.8,17424.9;9448.7,17409.7;9428.6,17406.4;9413.3,17394.9;9412.0,17372.4;9416.4,17355.4;9493.8,17301.2;9542.9,17282.0;9545.6,17261.2;9580.5,17233.1;9605.3,17240.4;9627.2,17279.1;9635.2,17284.1;9678.0,17290.6;9682.9,17298.1;9680.7,17311.3;9732.5,17304.4;9758.8,17270.9;9769.5,17228.7;9783.1,17208.2;9790.4,17184.8;9781.6,17182.8;9764.1,17200.8;9749.2,17203.2;9732.6,17234.3;9714.3,17248.5;9688.4,17240.9;9685.4,17236.6;9688.2,17228.1;9729.2,17204.2;9758.9,17193.2;9773.0,17169.1;9814.8,17124.3;9901.0,17072.0;9942.9,17038.5;9994.7,17006.5;10055.1,16930.0;10081.6,16885.7;10143.7,16811.9;10175.4,16749.4;10193.2,16733.8;10239.5,16707.5;10289.2,16700.9;10414.8,16647.0;10452.8,16623.1;10491.5,16613.0;10505.6,16613.8;10551.4,16636.9;10599.1,16650.2;10667.2,16648.8;10727.7,16636.4;10929.8,16573.1;11073.4,16521.9;11186.5,16461.5;11177.7,16456.3;11094.4,16461.4;11080.6,16450.8;11034.2,16442.0;11017.6,16427.3;10987.0,16418.0;10972.8,16405.9;10900.2,16380.1;10891.9,16372.6;10893.1,16365.5;10960.8,16315.1;10978.9,16318.2;10995.1,16332.7;11020.8,16331.8;11036.1,16360.6;11054.9,16368.8;11100.7,16372.2;11150.7,16358.4;11208.4,16355.5;11288.5,16341.1;11367.6,16353.7;11386.0,16351.3;11384.4,16345.1;11362.4,16334.4;11360.6,16328.9;11367.8,16325.1;11406.6,16328.4;11444.5,16343.6;11477.5,16331.2;11528.2,16348.1;11579.4,16343.6;11787.6,16343.9;11800.2,16322.5;11875.1,16301.8;11909.2,16266.9;11970.7,16252.2;12048.1,16245.5;12220.8,16195.8;12295.8,16148.6;12345.8,16128.4;12502.4,16042.9;12837.7,15928.2;12898.2,15892.4;13034.5,15851.3;13074.6,15826.4;13087.7,15823.9;13192.9,15826.6;13237.3,15845.1;13306.1,15857.9;13326.9,15873.4;13376.1,15867.3;13407.1,15871.2;13466.4,15899.0;13552.5,15873.4;13691.1,15908.0;13742.1,15906.5;13790.2,15918.7;13863.6,15917.2;13892.3,15933.8;13905.1,15950.6;13913.2,15968.9;13916.1,16005.6;13912.4,16015.4;13872.2,16031.9;13869.5,16051.4;13887.5,16069.9;13927.8,16092.9;13947.3,16096.0;13972.3,16108.8;13990.1,16094.0;14013.8,16107.6;14015.9,16101.8;14004.4,16089.5;14004.8,16080.8;14018.1,16069.6;14028.4,16080.6;14059.3,16055.1;14324.6,16060.9;14387.5,16053.4;14397.7,16058.0;14409.2,16075.8;14412.6,16097.7;14408.9,16129.8;14415.4,16158.7;14428.1,16167.7;14449.2,16169.3;14458.5,16179.2;14525.3,16312.0;14556.3,16337.1;14599.0,16359.4;14743.4,16422.2;14780.3,16434.3;14919.1,16446.7;14958.2,16470.6;14991.8,16479.1;15062.8,16477.4;15098.2,16485.9;15177.5,16512.7;15240.7,16543.4;15366.3,16574.8;15417.8,16614.0;15484.8,16636.1;15661.2,16688.3;15733.0,16695.1;15797.0,16723.8;15817.0,16724.1;15886.3,16744.1;15933.4,16751.8;15995.6,16785.5;16086.1,16814.6;16156.4,16861.7;16255.7,16910.1;16314.7,16951.2;16327.4,16948.9;16326.9,16922.1;16335.2,16916.7;16369.4,16912.8;16406.9,16885.3;16410.5,16878.4;16401.3,16869.0;16361.8,16846.1;16312.3,16832.7;16255.4,16785.7;16132.6,16743.6;16044.7,16699.8;15985.6,16684.9;15940.5,16663.7;15929.3,16652.9;15923.8,16640.1;15923.6,16630.1;15935.8,16615.7;15960.7,16607.2;16043.9,16610.6;16060.2,16603.2;16061.9,16585.3;16025.2,16554.8;15958.1,16513.1;15899.0,16483.5;15892.8,16455.1;15887.1,16446.7;15851.1,16425.5;15845.5,16414.8;15854.0,16397.3;15876.9,16394.4;16021.0,16495.6;16085.6,16549.5;16120.6,16589.2;16150.9,16615.1;16256.6,16678.7;16361.6,16753.7;16579.5,16969.6;16658.1,17065.1;16744.4,17157.9;16761.9,17194.6;16763.2,17222.8;16752.4,17253.5;16741.0,17324.1;16722.9,17396.0;16695.3,17470.2;16600.9,17689.6;16585.0,17763.2;16555.8,17819.4;16549.7,17842.1;16546.7,17893.7;16560.4,18017.6;16565.3,18025.2;16600.5,18047.5;16618.2,18089.5;16624.0,18157.8;16645.8,18259.2;16654.3,18336.1;16706.1,18558.7;16728.3,18633.9;16801.0,18839.9;16809.5,18874.7;16835.6,19053.7;16857.6,19142.3;16888.6,19224.6;16940.3,19300.6;16984.0,19345.8;17061.1,19420.8;17126.9,19471.0;17267.5,19564.5;17407.3,19639.9;17654.2,19745.1;17415.1,20323.5;17299.1,20256.8;17266.3,20232.7;17231.0,20204.2;17028.5,19977.2;16999.6,19937.1;16859.3,19812.8;16595.8,19591.9;16395.5,19404.5;16344.5,19342.4;16289.9,19291.8;16134.9,19090.2;16118.5,19052.9;16115.9,18968.9;16135.3,18796.2;16132.6,18776.5;15972.4,18462.0;15788.9,18170.3;15630.6,17941.7;15286.7,17463.1;15194.6,17353.8;14989.3,17139.0;14815.7,16992.9;14681.5,16896.0;14642.4,16875.1;14249.4,16750.6;14217.0,16747.4;14045.7,16753.2;13883.7,16735.9;13617.0,16682.9;13573.0,16670.7;13557.4,16658.7;13563.9,16655.4;13623.3,16674.3;13669.5,16681.8;13756.2,16684.9;13913.7,16709.7;14044.9,16719.4;14108.8,16714.0;14202.5,16690.7;14215.2,16680.0;14215.0,16672.5;14209.6,16668.8;14142.0,16644.5;14069.8,16626.9;14034.9,16638.8;14009.5,16638.8;13964.9,16650.5;13904.1,16636.2;13879.2,16618.0;13817.0,16625.9;13739.2,16626.4;13717.7,16605.2;13689.7,16591.6;13619.2,16577.4;13579.0,16580.0;13537.2,16598.2;13487.4,16598.7;13406.9,16553.4;13349.8,16544.6;13288.7,16507.8;13232.7,16486.6;13206.9,16490.2;13182.9,16503.9;13177.8,16529.1;13163.5,16552.5;13149.2,16562.3;13119.3,16567.0;13102.9,16561.9;13079.2,16570.0;13049.8,16560.5;13018.0,16562.9;12976.7,16574.1;12927.4,16605.2;12900.1,16589.4;12897.2,16580.9;12900.6,16545.1;12894.5,16535.8;12865.2,16519.0;12815.7,16517.3;12775.0,16538.2;12766.2,16549.5;12758.4,16579.4;12741.3,16598.2;12690.1,16635.8;12668.3,16644.9;12635.8,16650.4;12572.9,16675.4;12495.9,16664.8;12308.1,16723.9;12251.9,16750.4;12202.4,16758.8;12158.4,16781.8;12128.2,16785.7;12100.3,16796.7;12052.5,16798.1;11994.2,16831.0;11949.6,16829.7;11946.3,16825.5;11950.5,16811.4;11947.4,16803.6;11924.1,16798.1;11920.5,16799.8;11921.3,16812.5;11915.4,16818.3;11859.5,16841.2;11830.7,16869.0;11796.4,16889.1;11780.5,16889.7;11760.2,16876.5;11740.5,16879.2;11717.3,16924.8;11648.6,16958.1;11560.3,16984.7;11515.0,16980.0;11488.4,16989.5;11435.2,17023.9;11285.9,17180.5;11159.8,17257.7;10959.9,17395.0;10797.3,17491.5;10768.3,17500.2;10745.0,17530.0;10634.5,17610.5;10472.8,17691.0;10433.3,17713.0;10390.4,17749.8;10206.8,17844.5;9992.3,17976.1;9848.6,18081.4;9763.0,18116.8;9737.6,18140.2;9709.0,18188.1;9651.2,18232.6;9414.8,18384.3;9385.4,18414.3;9376.2,18430.0;9378.7,18466.4;9372.8,18484.1;9282.8,18572.2;9264.0,18582.2;9216.4,18595.1;9111.3,18645.1;9074.9,18648.8;9059.1,18628.1;9046.2,18622.7;8878.6,18650.1;8723.5,18688.4;8637.4,18717.2;8544.5,18761.1;8486.6,18800.8;8449.5,18812.2;8412.5,18849.2;8383.7,18866.6;8360.7,18894.1;8282.2,18948.0;8261.2,18971.1;8157.0,19043.4;8094.1,19095.6;7941.4,19200.2;7836.7,19253.6;7800.1,19257.0;7791.1,19271.6;7648.1,19342.2;7577.6,19387.5;7552.9,19378.7;7540.7,19393.3;7517.1,19394.8;7501.4,19407.4;7492.4,19427.9;7470.0,19457.6;7439.7,19477.3;7418.0,19503.4;7306.0,19564.9;7110.3,19641.1;7009.3,19665.5;6984.0,19682.3;6937.8,19725.6;6880.5,19747.8;6761.9,19838.8;6677.5,19896.0;6657.7,19905.1;6637.2,19904.1;6584.8,19915.0;6536.0,19946.0;6512.3,19947.4;6474.0,19961.3;6442.5,19997.1;6369.8,20030.7;6314.0,20071.1;6290.5,20097.6;6252.0,20099.8;6222.2,20107.6;6167.3,20138.3;6116.3,20153.9;6046.6,20150.4;5915.1,20168.9;5845.5,20160.2;5695.0,20166.3;5611.3,20160.7;5462.9,20137.5;5164.3,20071.1;4818.8,19980.3;4364.5,19784.3;4125.9,19687.6;3877.8,19610.7;3754.6,19579.6;3576.4,19525.3;3424.7,19497.8;3299.5,19503.1;3234.4,19499.5;3087.7,19516.3;2956.5,19522.8;2685.2,19572.5;2525.1,19595.4;2267.9,19614.6;2139.4,19618.7;2111.8,19611.9;2085.9,19612.2;2029.1,19625.6;1830.2,19593.4;1713.9,19558.4;1628.0,19550.3;1512.1,19575.4;1429.1,19630.9;1389.8,19640.7;1348.4,19641.6;1214.2,19630.4;1149.0,19638.2;1097.6,19658.4;1005.6,19717.6;945.3,19744.6;720.8,19810.1;414.6,20030.9;258.0,20118.1;152.1,20169.7;125.3,20176.0;107.0,20173.3;84.8,20181.1;40.1,20214.2;-19.9,20241.5;-67.2,20281.2;-204.6,20354.4;-391.5,20469.4;-464.5,20529.5;-491.3,20584.0;-513.7,20613.7;-746.5,20845.9;-824.3,20911.9;-882.2,20952.5;-914.4,20988.1;-947.3,21005.1;-1072.7,21099.3;-1162.0,21148.0;-1244.7,21250.5;-1298.9,21310.8;-1323.5,21324.2;-1337.7,21351.7;-1358.7,21377.8;-1464.8,21487.3;-1481.4,21497.3;-1517.0,21503.6;-1532.6,21524.8;-1559.7,21541.4;-1576.3,21567.4;-1692.2,21661.1;-1720.5,21695.9;-1745.9,21743.6;-1763.4,21761.1;-1845.7,21794.3;-1957.2,21808.1;-2078.4,21756.5;-2120.6,21759.7;-2133.8,21750.2;-2144.5,21727.8;-2156.5,21716.9;-2365.3,21588.3;-2418.0,21545.7;-2643.5,21339.6;-2802.1,21154.1;-2823.3,21112.0;-2882.3,21027.0;-2909.4,20979.8;-2934.3,20961.1;-3077.8,20781.2;-3159.5,20691.1;-3207.3,20641.4;-3291.5,20568.4;-3304.9,20536.5;-3412.3,20437.0;-3467.2,20394.4;-3517.9,20382.7;-3556.0,20366.6;-3562.3,20354.7;-3557.5,20336.7;-3559.4,20321.6;-3583.8,20300.9;-3694.3,20245.4;-3801.2,20206.4;-3888.1,20167.2;-4095.0,20119.5;-4260.4,20071.3;-4409.0,20045.0;-4451.2,20019.7;-4533.9,19999.8;-4577.6,20001.7;-4607.1,20010.7;-4709.6,20017.3;-4728.1,20022.9;-4794.7,20015.1;-4806.9,20024.3;-4826.2,20027.5;-4879.6,20014.1;-4903.8,20016.5;-4945.0,20034.8;-4972.3,20038.9;-5121.2,20043.1;-5150.9,20053.8;-5171.4,20055.3;-5366.1,20059.6;-5426.2,20074.2;-5589.1,20087.9;-5645.3,20102.5;-5667.2,20114.9;-5686.0,20133.4;-5772.9,20168.9;-5796.8,20171.1;-5912.2,20203.0;-5962.7,20207.4;-6015.4,20230.8;-6081.4,20249.4;-6088.1,20241.0;-6080.9,20234.4;-6081.3,20228.9;-6110.8,20238.6;-6153.5,20282.4;-6181.8,20294.2;-6188.2,20313.5;-6233.0,20323.5;-6423.1,20403.7;-6495.4,20444.5;-6537.9,20449.9;-6663.6,20534.6;-6705.6,20587.7;-6809.1,20659.7;-6831.8,20688.9;-6852.3,20702.8;-6973.8,20747.1;-7125.5,20810.4;-7225.2,20878.7;-7258.7,20878.5;-7308.3,20922.6;-7376.1,20946.0;-7396.2,20937.2;-7398.3,20921.9;-7407.1,20919.9;-7421.5,20927.2;-7475.4,20989.5;-7505.2,21011.4;-7530.3,21016.3;-7569.1,21039.9;-7657.4,21080.6;-7733.0,21134.9;-7775.4,21153.2;-7792.7,21157.3;-7829.6,21152.8;-7853.9,21137.9;-7879.6,21107.8;-7885.3,21107.1;-7906.5,21122.4;-7985.6,21162.1;-8041.2,21209.1;-8094.4,21229.3;-8247.8,21332.5;-8298.6,21373.3;-8343.1,21386.3;-8418.4,21441.9;-8566.6,21522.0;-8579.2,21536.2;-8589.3,21562.7;-8676.2,21582.1;-8873.7,21677.4;-9122.3,21785.7;-9193.3,21814.4;-9291.7,21844.5;-9315.5,21866.4;-9337.1,21866.1;-9360.7,21857.4;-9371.0,21860.2;-9398.2,21908.3;-9451.3,21918.9;-9454.0,21930.2;-9439.7,21988.8;-9441.7,21998.5;-9456.6,22019.1;-9552.4,22079.9;-9572.8,22084.7;-9615.5,22081.6;-9630.2,22093.0;-9638.6,22115.8;-9646.6,22217.3;-9676.6,22289.8;-9695.9,22316.1;-9765.0,22374.0;-9795.2,22388.8;-9945.0,22423.4;-9988.7,22425.8;-10029.7,22420.7;-10190.7,22376.4;-10355.2,22303.2;-10528.1,22257.7;-10677.5,22229.4;-10940.7,22210.0;-11033.4,22188.3;-11102.0,22154.7;-11177.9,22102.6;-11268.2,22024.5;-11378.7,21949.0;-11414.5,21916.9;-11496.8,21831.0;-11520.7,21799.6;-11632.9,21627.3;-11743.2,21527.5;-11927.2,21312.4;-11648.5,20962.3;-11511.2,21056.7;-11371.8,21136.1;-11260.8,21208.9;-11191.8,21232.0;-11092.5,21249.5;-11072.8,21268.9;-11013.7,21361.0;-11006.7,21365.6;-10994.2,21366.0;-10988.9,21355.3;-11016.4,21303.8;-11031.0,21251.5;-11027.7,21242.6;-11012.7,21234.8;-11002.1,21240.5;-10985.6,21263.3;-10975.6,21267.9;-10917.4,21277.0;-10862.0,21328.3;-10782.6,21381.6;-10740.2,21417.9;-10673.4,21446.4;-10522.9,21529.3;-10401.0,21571.3;-10338.1,21584.3;-10311.0,21597.5;-10180.7,21606.6;-10113.5,21606.0;-10000.9,21590.8;-9958.0,21591.0;-9910.1,21568.8;-9840.2,21557.5;-9785.4,21559.6;-9725.8,21551.2;-9672.2,21530.6;-9582.9,21471.1;-9319.4,21370.6;-9274.8,21361.5;-9214.4,21339.0;-9079.8,21239.0;-8964.4,21174.3;-8809.3,21059.2;-8730.0,21011.7;-8709.6,20994.3;-8683.0,20957.3;-8673.8,20934.0;-8640.2,20829.1;-8638.0,20801.9;-8648.1,20719.7;-8715.1,20588.1;-8730.8,20519.6;-8724.1,20507.7;-8265.9,20459.4;-8031.9,20364.7;-8017.8,20355.7;-8007.3,20341.1;-7991.2,20268.3;-7979.0,20233.5;-7959.6,20203.4;-7919.8,20216.5;-7862.8,20192.4;-7838.3,20164.9;-7769.4,20144.8;-7704.0,20084.0;-7649.1,20060.9;-7628.2,20033.2;-7528.8,19961.5;-7470.0,19958.2;-7420.0,19914.8;-7407.2,19915.5;-7377.6,19884.4;-7345.8,19873.6;-7325.3,19853.7;-7272.1,19844.7;-7224.1,19829.1;-7165.7,19789.0;-7152.7,19753.5;-7152.2,19738.2;-7139.7,19723.8;-7126.6,19722.8;-7006.0,19752.9;-6961.6,19784.3;-6928.0,19798.4;-6918.9,19817.7;-6891.8,19825.2;-6773.4,19821.1;-6664.4,19827.4;-6589.2,19816.4;-6555.5,19825.4;-6550.3,19819.5;-6521.5,19817.9;-6491.5,19806.1;-6353.3,19790.6;-6278.5,19769.0;-6258.9,19822.9;-6234.6,19817.5;-6230.2,19823.5;-6217.4,19817.9;-6208.0,19802.6;-6220.6,19762.0;-6142.2,19740.2;-6134.8,19733.9;-6130.5,19719.5;-6113.3,19712.8;-6067.3,19732.9;-6044.9,19729.3;-5917.5,19681.6;-5865.8,19676.6;-5816.9,19683.5;-5789.6,19669.9;-5725.5,19663.3;-5590.8,19675.5;-5501.5,19668.9;-5435.9,19697.6;-5418.6,19693.2;-5392.7,19673.8;-5365.2,19661.1;-5257.3,19653.3;-5213.9,19663.1;-5172.6,19682.4;-5139.6,19671.7;-5022.4,19694.3;-4971.7,19693.5;-4961.4,19696.0;-4934.5,19719.2;-4915.0,19720.8;-4781.8,19687.9;-4702.2,19695.0;-4676.9,19709.1;-4664.9,19709.1;-4624.4,19690.6;-4604.9,19687.2;-4575.1,19687.2;-4539.0,19695.7;-4485.6,19682.0;-4435.3,19686.4;-4420.4,19701.3;-4403.1,19705.9;-4364.8,19690.3;-4321.6,19687.2;-4255.5,19688.1;-4229.6,19701.0;-4219.2,19701.0;-4188.4,19687.4;-4092.5,19690.8;-4052.8,19696.4;-4024.5,19706.4;-3975.7,19743.2;-3921.0,19748.5;-3895.1,19741.9;-3823.4,19758.0;-3807.3,19768.2;-3788.3,19800.4;-3769.0,19817.7;-3722.9,19840.5;-3711.7,19838.6;-3707.0,19816.4;-3691.9,19810.1;-3465.7,19880.7;-3422.3,19908.9;-3412.0,19923.6;-3404.0,19956.2;-3395.2,19964.5;-3375.2,19971.0;-3359.3,19985.9;-3318.6,20037.7;-3296.4,20094.2;-3277.6,20110.5;-3257.6,20141.9;-3218.3,20159.9;-3198.3,20191.8;-3146.6,20198.4;-3116.3,20219.6;-3081.7,20261.9;-3030.7,20306.2;-2947.3,20414.6;-2906.5,20442.1;-2898.5,20451.8;-2888.7,20478.3;-2866.0,20487.1;-2826.5,20526.1;-2781.1,20582.8;-2734.5,20670.9;-2705.7,20737.8;-2699.8,20760.7;-2696.4,20822.6;-2681.6,20853.0;-2643.0,20896.8;-2534.7,20980.0;-2408.3,21138.5;-2359.2,21162.1;-2242.6,21232.0;-2117.7,21288.0;-2061.3,21327.2;-1934.0,21372.2;-1843.2,21355.6;-1760.5,21331.5;-1714.9,21325.7;-1704.1,21322.3;-1691.5,21304.5;-1679.3,21297.7;-1630.9,21289.7;-1622.7,21276.3;-1625.1,21249.0;-1621.2,21243.2;-1517.3,21152.9;-1505.5,21137.1;-1482.1,21090.8;-1482.6,21070.4;-1489.2,21051.1;-1483.3,21029.0;-1367.2,20873.7;-1321.1,20812.8;-1235.2,20715.2;-1095.4,20566.7;-1004.4,20478.8;-908.0,20367.1;-859.0,20297.5;-713.1,20110.0
봉곡제1소류지|pond|40.25|2669.7,15480.8;2648.0,15430.4;2638.4,15419.9;2626.7,15416.0;2630.6,15410.6;2668.9,15398.3;2705.6,15416.3;2695.3,15445.7;2669.7,15480.8
|pond|33.23|2954.5,13119.3;2940.1,13110.0;2926.0,13074.0;2975.5,13044.5;3001.9,13107.9;3002.3,13120.8;2954.5,13119.3
|river|2.1|1953.4,3280.1;1963.2,3277.8;1983.0,3301.2;2000.7,3331.1;2054.4,3399.8;2087.8,3433.8;2102.7,3463.0;2264.0,3669.1;2295.3,3718.1;2314.3,3758.9;2349.7,3801.0;2364.0,3838.4;2436.8,3951.3;2485.8,4001.0;2491.9,4024.8;2629.3,4217.9;2688.5,4329.4;2718.5,4370.9;2745.7,4424.0;2770.2,4460.7;2841.0,4538.2;2892.0,4577.0;2885.9,4589.9;2817.1,4536.9;2746.8,4462.5;2664.1,4335.1;2621.2,4260.1;2602.8,4266.9;2596.1,4259.7;2600.7,4237.5;2504.7,4089.7;2408.9,3928.9;2375.3,3891.4;2316.9,3804.3;2289.0,3776.4;2264.2,3740.5;2257.1,3721.0;2229.2,3696.2;2224.6,3666.5;2025.2,3397.7;1953.4,3280.1
|pond|42.21|1768.8,11986.1;1755.1,11954.4;1824.6,11907.2;1855.1,11927.4;1839.7,11947.9;1768.8,11986.1
|water|41.89|1487.6,13106.1;1479.1,13111.9;1360.8,13118.5;1344.2,13115.1;1328.8,13099.3;1327.8,13052.0;1330.7,13046.4;1464.7,13054.0;1487.6,13106.1
|pond|63.57|1308.1,10738.5;1313.0,10716.5;1337.6,10693.4;1362.3,10701.7;1364.0,10719.0;1376.2,10733.4;1308.1,10738.5
|water|2.1|1221.7,4164.9;1194.4,4154.7;1196.1,4130.3;1213.1,4070.3;1223.4,4077.7;1248.9,4041.4;1264.2,4044.8;1221.7,4164.9
|canal|1.51|1196.8,2310.7;1256.9,2270.2;1280.2,2300.9;1297.1,2335.4;1409.8,2493.5;1569.9,2701.2;1616.1,2802.7;1728.1,2935.5;1753.5,2956.3;1797.2,3047.4;1805.3,3073.0;1898.1,3176.3;1943.6,3219.9;1962.5,3251.8;1963.2,3277.8;1974.6,3305.4;1816.7,3127.5;1765.2,3052.6;1754.2,3014.9;1736.7,2978.9;1688.4,2929.6;1633.1,2888.0;1571.2,2789.0;1491.1,2699.9;1481.4,2675.8;1469.7,2676.4;1440.4,2776.7;1422.8,2759.7;1457.9,2632.2;1454.0,2606.8;1435.1,2576.2;1366.8,2513.7;1239.8,2352.3;1196.8,2310.7
|canal|0.8|1354.7,2000.1;1394.5,2005.8;1536.4,2048.4;1607.5,2052.3;1734.8,2094.9;1876.6,2154.8;1964.6,2173.3;2059.3,2212.0;2168.1,2242.8;2263.9,2249.0;2419.2,2237.8;2540.3,2198.5;2712.9,2163.2;2750.5,2167.7;2916.4,2136.9;3138.9,2121.8;3269.5,2085.3;3385.0,2029.3;3638.9,1854.4;3679.8,1816.9;3739.8,1777.1;3822.0,1743.4;3748.8,1803.5;3406.9,2051.1;3331.7,2099.9;3242.6,2133.0;3156.9,2155.4;2943.3,2187.9;2752.2,2231.6;2722.4,2247.3;2659.1,2249.5;2539.7,2273.1;2479.7,2276.4;2373.8,2311.2;2279.6,2326.3;2184.9,2325.2;2021.8,2272.5;1865.4,2242.8;1572.2,2131.8;1514.5,2130.2;1371.6,2092.6;1351.1,2091.7;1354.7,2000.1
완암소류지|reservoir|61.35|2846.9,218.2;2844.0,183.0;2898.7,119.0;2900.8,99.0;2925.9,117.3;2941.8,140.6;2975.7,227.0;2960.8,249.6;2889.3,248.9;2846.9,218.2
|river|0.8|-1104.9,1430.6;-1334.8,1326.8;-1290.2,1259.0;-1247.3,1162.6;-1088.7,1297.5;-1014.0,1342.1;-846.9,1350.3;-789.2,1362.8;-688.7,1357.2;-383.7,1259.8;-337.3,1253.0;-214.4,1261.3;-122.1,1309.6;44.1,1320.8;192.3,1356.0;275.1,1348.3;356.1,1385.7;452.2,1444.7;800.6,1782.8;882.1,1838.0;930.4,1895.8;950.8,1934.7;1011.1,1965.8;1099.6,1991.7;1213.0,2003.6;1354.7,2000.1;1351.1,2091.7;1307.6,2100.0;1258.8,2139.0;1235.9,2190.7;1256.9,2270.2;1196.8,2310.7;1130.0,2226.8;989.5,2157.5;667.4,1903.3;608.4,1877.5;465.4,1859.4;367.3,1810.4;338.5,1815.3;271.9,1778.4;249.5,1791.4;204.3,1783.8;157.5,1759.2;100.6,1709.2;78.2,1704.8;49.4,1677.2;-168.0,1428.1;-192.9,1411.5;-250.5,1388.1;-287.1,1388.6;-623.3,1464.7;-957.5,1473.0;-1030.3,1459.4;-1104.9,1430.6
|water|12.47|-98.6,5314.6;-154.8,5348.5;-161.5,5358.0;-239.0,5408.7;-239.3,5405.1;-252.0,5411.2;-262.5,5423.8;-273.4,5426.8;-277.3,5443.0;-289.9,5426.5;-121.3,5309.9;-104.8,5295.1;-108.7,5285.3;-98.4,5277.4;-91.0,5292.0;-95.1,5297.2;-100.5,5295.7;-98.6,5314.6
봉암저수지|reservoir|81.68|-1151.9,3321.7;-1122.4,3274.0;-1088.4,3299.2;-1050.5,3343.1;-975.1,3358.5;-987.7,3422.4;-974.7,3432.2;-989.9,3456.7;-1015.0,3529.0;-1017.6,3548.8;-1009.0,3573.6;-1015.5,3593.2;-1010.0,3624.5;-986.8,3646.0;-982.3,3668.6;-992.1,3677.5;-1012.7,3660.7;-1023.5,3657.9;-1016.5,3690.7;-1045.5,3829.5;-1066.1,3874.3;-1067.6,3893.0;-1079.6,3901.6;-1095.0,3897.4;-1114.5,3905.4;-1123.8,3885.0;-1105.6,3874.0;-1103.0,3862.1;-1110.4,3858.4;-1110.1,3850.6;-1103.4,3846.0;-1106.3,3827.5;-1122.2,3804.0;-1120.2,3765.6;-1107.2,3750.6;-1102.7,3729.9;-1122.3,3647.6;-1119.4,3599.5;-1107.0,3554.7;-1110.6,3510.3;-1103.7,3485.0;-1145.0,3380.5;-1149.5,3360.2;-1142.8,3333.9;-1151.9,3321.7
|water|4.06|-1333.3,1938.6;-1337.8,1932.2;-1333.1,1353.8;-1311.9,1362.8;-1317.8,1932.3;-1320.0,1937.0;-1333.3,1938.6
|river|2.71|-2482.5,-2048.4;-2485.8,-2082.1;-2476.6,-2077.5;-2395.6,-2137.4;-2335.7,-2173.8;-2252.4,-2207.7;-2050.5,-2193.5;-2041.4,-2175.7;-2062.5,-2173.3;-2071.7,-2178.3;-2256.9,-2191.9;-2386.7,-2116.5;-2482.5,-2048.4
|river|2.77|-2250.7,2125.8;-2236.1,1447.3;-2231.5,1447.7;-2245.5,2065.0;-2236.1,2065.0;-2238.5,2126.4;-2250.7,2125.8
|reservoir|56.12|-1957.3,10522.8;-2015.3,10413.1;-2008.5,10399.9;-1920.2,10407.3;-1909.4,10429.2;-1904.6,10452.1;-1889.9,10465.3;-1892.4,10481.3;-1888.0,10509.1;-1896.7,10504.7;-1900.7,10516.9;-1957.3,10522.8
동전저수지|reservoir|38.98|-2062.5,12407.3;-2116.1,12463.1;-2151.3,12510.8;-2178.4,12498.9;-2173.2,12468.4;-2159.6,12462.6;-2143.0,12422.1;-2114.2,12398.9;-2084.9,12382.0;-2071.7,12385.7;-2062.5,12407.3
|lake|87.52|-2545.0,6691.2;-2519.2,6757.7;-2524.1,6765.5;-2564.5,6777.1;-2597.4,6770.8;-2604.5,6759.9;-2606.7,6743.1;-2604.5,6725.6;-2596.6,6718.5;-2611.6,6715.1;-2611.6,6707.3;-2601.5,6697.2;-2580.9,6698.7;-2581.3,6691.9;-2554.4,6695.7;-2545.0,6691.2
중방소류지|pond|103.83|-3128.5,10608.8;-3152.0,10600.5;-3161.0,10587.6;-3163.2,10571.5;-3154.2,10550.8;-3135.9,10527.9;-3102.2,10543.3;-3128.5,10608.8
연못|pond|41.75|-3205.6,13407.8;-3263.0,13328.1;-3255.5,13311.1;-3158.9,13311.2;-3151.3,13320.0;-3151.7,13330.2;-3162.0,13352.1;-3193.0,13396.7;-3205.6,13407.8
현천지|reservoir|105.41|-4110.1,13842.6;-4155.8,13753.6;-4130.9,13711.1;-4089.9,13695.7;-4024.0,13717.4;-4014.7,13725.1;-4010.6,13734.9;-4063.0,13814.6;-4088.0,13842.9;-4110.1,13842.6
|pond|287.28|-3826.6,9719.4;-3848.3,9718.8;-3838.2,9682.2;-3813.6,9666.9;-3806.1,9672.0;-3795.6,9704.2;-3803.2,9711.8;-3826.6,9719.4
|river|15.38|-3876.6,3012.0;-3917.7,3050.6;-3982.8,3146.3;-3993.3,3130.2;-3959.2,3078.8;-3888.0,2999.5;-3876.6,3012.0
|river|13.26|-3727.8,2873.2;-3817.7,2950.9;-3870.1,3004.1;-3881.6,2993.8;-3761.3,2878.3;-3756.6,2879.1;-3739.1,2863.5;-3727.8,2873.2
합성소류지|pond|49.19|-3492.3,5157.6;-3501.8,5130.0;-3433.8,5102.2;-3423.0,5127.8;-3492.3,5157.6
|river|10.09|-3660.0,2780.0;-3575.2,2701.9;-3546.7,2684.4;-3374.6,2648.1;-3317.8,2620.8;-3278.6,2585.9;-3268.3,2597.6;-3325.3,2646.9;-3378.5,2666.3;-3526.8,2696.2;-3563.8,2716.0;-3640.0,2778.8;-3656.3,2783.8;-3660.0,2780.0
|river|5.31|-3249.5,750.1;-3228.5,773.3;-3284.3,823.9;-3293.3,841.3;-3381.5,914.5;-3499.8,987.9;-3565.3,1015.2;-3612.8,1039.6;-3624.4,1053.7;-3641.3,1059.6;-3658.2,1091.8;-3687.3,1127.9;-3742.3,1211.8;-3752.7,1240.2;-3761.7,1305.2;-3769.3,1304.9;-3756.0,1225.6;-3725.2,1167.4;-3680.4,1107.8;-3655.2,1064.2;-3665.4,1059.2;-3676.7,1063.2;-3748.4,1059.9;-3793.5,1049.1;-3789.5,1042.2;-3744.2,1055.0;-3669.2,1051.6;-3632.7,1042.6;-3573.4,1011.9;-3505.3,985.5;-3410.9,911.4;-3349.8,870.6;-3279.7,791.7;-3249.5,750.1
회원천 산책로|water|3.81|-3588.8,1043.9;-3638.4,1085.3;-3689.9,1150.4;-3712.8,1133.8;-3668.4,1073.4;-3748.8,1067.4;-3796.1,1053.7;-3786.7,1037.4;-3726.2,1049.7;-3684.5,1045.9;-3526.9,979.8;-3467.7,941.6;-3445.8,967.7;-3507.6,1007.4;-3588.8,1043.9
덕동1지|pond|37.78|-3826.0,-5920.5;-3844.2,-5918.2;-3877.5,-5941.3;-3891.2,-5967.1;-3891.2,-5978.5;-3815.4,-5990.2;-3826.0,-5920.5
덕동2지|pond|25.36|-3767.7,-6097.3;-3815.5,-6122.6;-3825.0,-6138.1;-3824.4,-6148.1;-3813.0,-6152.8;-3787.0,-6141.1;-3759.3,-6105.9;-3767.7,-6097.3
|river|1.23|-2710.0,2128.6;-2774.1,2053.5;-2770.2,1672.2;-2847.7,1598.4;-2884.3,1570.1;-2906.9,1541.0;-2966.3,1431.0;-2998.2,1333.7;-2983.9,1310.9;-3008.9,1305.8;-3052.8,1185.4;-2934.8,1189.6;-2823.1,1519.1;-2686.2,1635.1;-2701.3,2076.0;-2710.0,2128.6
|pond|52.34|-2572.6,-10821.8;-2581.0,-10815.8;-2592.7,-10819.8;-2599.7,-10828.5;-2631.4,-10844.9;-2650.5,-10848.9;-2659.8,-10861.3;-2624.4,-10898.4;-2569.3,-10831.5;-2572.6,-10821.8
|pond|45.92|-2525.0,-12537.2;-2544.7,-12539.1;-2574.7,-12558.5;-2537.1,-12592.5;-2527.5,-12581.5;-2522.9,-12565.3;-2521.7,-12545.2;-2525.0,-12537.2
|pond|35.71|-2241.9,-11069.4;-2333.2,-11081.1;-2332.5,-11090.4;-2297.5,-11136.9;-2276.3,-11125.1;-2234.5,-11080.6;-2241.9,-11069.4
진해내수면|lake|48.36|3598.5,-4076.5;3561.4,-4136.0;3515.6,-4156.0;3510.2,-4228.3;3504.3,-4240.0;3528.8,-4275.2;3626.3,-4282.0;3653.7,-4131.6;3598.5,-4076.5
|water|47.46|3626.8,40.4;3610.2,-31.5;3704.2,-48.1;3715.3,-12.5;3626.8,40.4
|lake|61.85|3145.4,7156.3;3145.9,7118.7;3166.0,7112.5;3198.0,7078.5;3232.6,7072.3;3243.9,7078.5;3250.6,7091.9;3248.0,7107.9;3223.8,7148.1;3197.5,7159.4;3145.4,7156.3
|water|65.32|3726.3,9740.3;3710.5,9698.8;3706.9,9660.2;3723.4,9626.5;3794.4,9608.1;3805.4,9598.5;3818.3,9598.9;3838.5,9724.5;3778.2,9745.1;3726.3,9740.3
|pond|28.48|4396.7,10308.2;4389.5,10303.2;4387.7,10267.1;4420.4,10265.3;4460.4,10273.1;4471.1,10283.0;4463.1,10304.4;4457.0,10306.9;4396.7,10308.2
봉림소류지|pond|50.05|4376.4,6475.2;4366.5,6475.1;4366.7,6471.1;4346.1,6474.4;4343.9,6450.1;4361.1,6418.9;4392.2,6428.2;4390.0,6440.4;4377.9,6454.2;4382.8,6464.5;4376.4,6475.2
남지동저수지|reservoir|37.56|5304.4,-700.4;5289.3,-736.0;5309.3,-763.8;5367.3,-784.3;5374.2,-765.8;5369.3,-741.8;5314.6,-698.9;5304.4,-700.4
|water|12.32|5245.0,1857.3;5204.9,1858.9;5199.3,1850.9;5201.2,1837.9;5208.0,1835.3;5308.3,1859.8;5555.5,1893.6;5599.7,1913.0;5593.7,1922.9;5585.2,1914.5;5554.1,1904.4;5245.0,1857.3
덕산저수지|reservoir|37.29|4730.5,7796.5;4750.5,7752.2;4835.6,7829.4;4878.8,7889.2;4853.3,7907.4;4730.5,7796.5
주남저수지|reservoir|3.17|4684.0,14560.3;4682.1,14421.8;4653.8,14284.4;4526.9,14172.3;4704.5,13790.4;4681.1,13665.6;4744.5,13559.3;4767.0,13451.1;4619.6,13297.1;4600.1,13184.1;4438.1,13011.4;4422.5,12969.5;4281.0,12813.6;4245.8,12657.7;4124.8,12572.9;3999.9,12585.2;3826.2,12669.4;3780.3,12586.7;3800.3,12522.0;3792.7,12458.4;3726.6,12358.2;3787.1,12269.3;3856.4,12304.8;3931.8,12359.7;3987.3,12324.7;3992.1,12281.8;3926.7,12158.1;3926.7,11920.3;4018.4,11724.3;4133.6,11740.9;4173.6,11768.2;4200.0,11731.2;4247.8,11744.8;4240.9,11772.1;4249.7,11816.0;4304.4,11860.8;4315.1,11884.2;4338.9,11875.4;4386.7,11878.3;4431.6,11893.9;4558.5,12015.8;4647.3,12022.6;4789.7,12020.6;4894.2,12159.0;5010.4,12129.1;5197.6,12055.5;5254.2,12069.2;5269.8,12079.4;5289.8,12120.5;5476.6,12391.3;5588.8,12498.0;5675.7,12482.9;5743.5,12482.9;5798.2,12497.5;5847.5,12534.0;5901.2,12594.5;5891.4,12665.1;5878.7,12708.1;5874.8,12748.5;5896.3,12772.9;5937.3,12777.7;5930.9,12799.2;5741.2,12959.1;5570.0,13092.8;5497.9,13140.4;5423.2,13218.9;5379.4,13281.7;5360.1,13355.0;5333.0,13402.6;5178.5,13542.7;4973.7,13974.8;4944.1,14002.3;4908.1,13993.3;4891.3,14010.0;4896.5,14038.3;4953.1,14075.6;5007.2,14120.6;4949.3,14393.2;4899.1,14420.2;4877.2,14470.3;4860.4,14542.3;4883.6,14587.3;4807.6,14619.5;4684.0,14560.3
|reservoir|5.4|5260.4,11026.5;5248.5,11014.1;5227.0,10969.7;5239.7,10958.3;5222.9,10963.9;5189.2,10896.1;5187.2,10885.9;5206.0,10871.8;5214.3,10872.5;5225.8,10891.0;5276.8,11015.3;5260.4,11026.5
용지못|lake|32.95|5603.1,3407.2;5625.1,3404.3;5638.0,3428.1;5665.1,3454.4;5728.9,3491.7;5811.7,3608.2;5794.3,3622.7;5723.4,3584.0;5686.7,3581.0;5660.6,3609.5;5650.4,3655.1;5640.7,3669.7;5637.6,3680.8;5643.9,3718.8;5639.4,3726.6;5559.6,3783.0;5536.7,3682.7;5535.5,3627.1;5507.7,3568.3;5473.6,3548.7;5468.7,3537.4;5516.8,3504.4;5603.1,3407.2
|pond|69.9|6074.4,5579.0;6074.5,5535.7;6106.7,5525.9;6133.6,5547.3;6150.3,5571.1;6147.9,5584.9;6139.0,5588.8;6105.4,5572.2;6093.5,5575.2;6095.2,5596.8;6089.2,5599.3;6074.4,5579.0
동판저수지|reservoir|3.35|6640.2,12067.5;6539.6,11984.8;6381.3,11913.9;6302.9,11843.6;6334.2,11593.8;6334.5,11529.7;6313.0,11455.9;6194.9,11408.6;6084.0,11406.0;6004.4,11349.2;5968.0,11358.9;5902.0,11410.1;5829.5,11361.4;5739.3,11392.4;5749.7,11479.6;5618.0,11426.4;5538.1,11495.8;5471.6,11470.7;5203.8,11583.0;5021.9,11525.4;4953.8,11432.3;4997.4,11338.5;5096.4,11395.2;5270.4,11343.6;5393.2,11247.6;5483.4,11184.1;5632.8,11043.7;5606.2,10924.1;5399.1,10888.6;5314.8,10726.1;5288.1,10594.6;5498.2,10693.6;5518.9,10535.5;5594.3,10531.0;5610.6,10593.1;5677.2,10652.2;5631.3,10692.1;5689.0,10724.6;5720.1,10712.8;5859.1,10922.6;5996.7,10937.3;6233.4,11098.4;6413.8,10932.9;6336.9,10848.7;6370.9,10783.7;6495.2,10854.6;6641.7,10655.1;6690.5,10687.7;6655.0,10955.1;6603.2,11181.1;6603.2,11346.6;6575.1,11495.8;6501.1,11662.8;6564.7,11715.9;6584.0,11848.9;6612.1,11953.8;6680.1,12043.9;6640.2,12067.5
청운지|pond|54.56|6113.3,5297.1;6107.3,5267.4;6145.7,5193.6;6184.7,5215.8;6208.2,5246.9;6209.3,5256.6;6203.1,5262.3;6203.3,5271.5;6175.7,5296.3;6135.6,5301.2;6113.3,5297.1
경남모양연못|pond|52.89|6530.9,4054.0;6524.7,4030.2;6528.8,4027.1;6538.5,4031.9;6531.6,4036.8;6541.6,4046.4;6545.4,4043.7;6541.2,4038.2;6549.5,4035.4;6546.8,4019.5;6562.3,4007.8;6570.2,4012.6;6561.3,4016.1;6570.2,4021.3;6553.7,4023.0;6550.9,4027.1;6553.7,4030.9;6573.3,4030.9;6589.5,4016.4;6601.3,4021.9;6604.0,4036.8;6601.3,4043.7;6580.6,4055.7;6572.3,4066.8;6568.2,4084.7;6556.4,4087.1;6545.4,4079.2;6533.6,4048.9;6530.9,4054.0
|water|0.98|6403.7,-5175.2;6398.8,-5277.7;6389.0,-5358.7;6372.5,-5442.9;6385.3,-5439.3;6395.4,-5354.3;6404.1,-5275.7;6407.8,-5174.9;6403.7,-5175.2
|canal|1.22|6459.7,-5833.6;6542.1,-5844.8;6610.9,-5865.6;6669.9,-5876.2;6695.6,-5875.2;6597.5,-5856.2;6557.4,-5833.3;6546.3,-5820.1;6517.9,-5811.2;6460.8,-5806.0;6459.7,-5833.6
|water|0.81|6289.5,-6662.0;6432.5,-6908.8;6550.3,-6841.8;6550.3,-6832.2;6419.6,-6606.0;6386.1,-6602.8;6373.9,-6606.6;6289.5,-6662.0
|water|45.9|5025.6,-20624.0;5030.6,-20587.5;5026.1,-20584.6;5003.7,-20595.8;4955.8,-20590.4;4951.3,-20595.0;4955.4,-20629.8;4968.2,-20654.2;4967.0,-20670.8;4974.4,-20689.4;4974.4,-20702.2;4981.4,-20710.1;4987.2,-20713.4;4995.1,-20708.0;4994.7,-20674.9;5006.6,-20654.6;5013.2,-20653.8;5025.6,-20624.0
|water|32.09|4846.9,-20967.6;4876.7,-20941.0;4882.2,-20925.4;4866.0,-20912.6;4846.3,-20922.4;4823.4,-20950.5;4821.6,-20963.0;4827.4,-20968.8;4846.9,-20967.6
|pond|25.34|8095.0,-20738.5;8107.9,-20734.0;8134.3,-20706.9;8128.8,-20685.6;8110.1,-20678.2;8080.2,-20687.9;8075.7,-20695.3;8093.4,-20726.9;8095.0,-20738.5
농소저수지|pond|122.16|6930.3,-20138.8;6935.0,-20129.3;6924.4,-20086.9;6919.9,-20083.2;6892.5,-20094.5;6887.1,-20104.4;6886.6,-20150.0;6891.6,-20154.0;6930.3,-20138.8
|water|0.8|6638.6,-6586.8;6639.5,-6597.4;6656.3,-6622.9;6665.0,-6651.9;6667.2,-6646.7;6683.3,-6662.2;6679.5,-6680.2;6685.9,-6675.4;6696.5,-6683.1;6690.7,-6632.5;6695.9,-6624.5;6665.0,-6592.6;6638.6,-6586.8
|water|0.8|6968.4,-6166.0;6951.7,-6163.1;6947.8,-6189.0;6940.5,-6190.7;6929.8,-6173.2;6924.0,-6173.4;6923.1,-6181.4;6924.0,-6189.4;6936.3,-6198.1;6952.1,-6272.8;6959.8,-6277.5;6958.1,-6216.9;6960.6,-6205.6;6970.4,-6193.9;6974.0,-6176.4;6968.4,-6166.0
|water|4.93|7255.0,-6254.1;7246.0,-6251.2;7238.7,-6258.0;7247.7,-6292.4;7228.0,-6308.8;7224.0,-6322.9;7225.2,-6347.7;7231.9,-6355.6;7241.5,-6352.8;7243.8,-6338.1;7260.7,-6302.0;7258.4,-6285.1;7269.1,-6247.3;7255.0,-6254.1
|water|7.69|7379.2,-8058.2;7326.9,-8113.3;7452.3,-8237.0;7514.6,-8167.5;7522.7,-8118.7;7379.2,-8058.2
봉산소류지|reservoir|67.85|6885.4,8475.3;6875.0,8470.9;6849.8,8433.9;6892.6,8384.0;6908.6,8381.2;6912.0,8374.0;6929.6,8398.0;6938.6,8432.8;6885.4,8475.3
용동저수지|reservoir|76.1|7289.0,4125.2;7258.6,4118.3;7252.0,4094.2;7264.5,4071.9;7433.1,4006.8;7450.9,4014.7;7454.6,4031.9;7418.2,4078.5;7401.8,4130.1;7376.7,4152.2;7348.2,4150.9;7289.0,4125.2
|reservoir|77.39|7507.5,4730.7;7581.0,4609.7;7580.1,4602.0;7591.6,4583.8;7603.9,4593.1;7646.8,4603.7;7649.4,4609.7;7673.6,4622.4;7704.6,4620.7;7795.1,4596.1;7805.3,4608.0;7797.6,4624.1;7779.8,4624.6;7773.9,4630.9;7773.4,4646.2;7742.8,4698.0;7677.4,4707.4;7660.0,4725.2;7628.1,4740.1;7617.9,4740.7;7605.2,4732.4;7553.4,4741.3;7507.5,4730.7
우곡저수지|reservoir|54.26|8154.5,7534.9;8124.9,7487.1;8133.2,7452.3;8171.7,7366.1;8185.7,7350.5;8182.6,7267.9;8206.5,7241.9;8222.6,7237.3;8276.7,7164.0;8279.8,7100.1;8322.4,7016.0;8344.8,7060.1;8383.8,7216.0;8416.6,7261.2;8444.1,7315.2;8446.7,7364.0;8476.3,7453.4;8457.1,7503.2;8267.9,7581.1;8237.2,7564.0;8222.1,7533.3;8203.9,7529.7;8154.5,7534.9
먼등소류지|pond|93.77|8272.4,2025.8;8266.3,2021.1;8266.0,2008.9;8248.0,2000.2;8245.7,1992.7;8234.1,1993.3;8228.3,1984.9;8261.4,1954.1;8279.9,1976.7;8283.4,1988.3;8284.0,2011.3;8272.4,2025.8
성주저수지|reservoir|92.79|8184.0,-2006.0;8279.9,-2055.3;8384.8,-2047.8;8519.3,-2118.5;8461.7,-1991.6;8465.3,-1894.1;8534.4,-1881.8;8459.5,-1810.8;8302.7,-1791.6;8281.0,-1783.6;8184.0,-2006.0
|pond|85.14|8119.1,2194.1;8153.3,2190.1;8166.8,2213.7;8172.4,2240.0;8169.0,2253.5;8147.2,2268.0;8111.3,2262.4;8119.1,2194.1
|water|4.71|7331.9,-8208.1;7353.0,-8914.6;7428.7,-8973.0;7754.5,-8784.4;7673.0,-8579.3;7395.7,-8246.2;7369.9,-8221.0;7349.2,-8215.4;7337.7,-8204.2;7331.9,-8208.1
풍호소류지|reservoir|114.17|8867.7,-7151.5;8814.8,-7195.5;8836.9,-7220.8;8847.6,-7243.2;8861.4,-7243.4;8870.3,-7233.7;8885.7,-7236.7;8884.7,-7181.8;8881.3,-7167.7;8867.7,-7151.5
본동소류지|reservoir|92.62|8723.8,-6417.4;8675.0,-6450.6;8678.7,-6469.0;8715.8,-6490.4;8732.6,-6514.9;8737.2,-6512.9;8738.9,-6503.6;8758.0,-6501.7;8768.0,-6494.6;8753.1,-6465.3;8757.5,-6454.8;8778.5,-6433.3;8772.9,-6421.8;8723.8,-6417.4
광석골소류지|pond|155.16|8972.0,-7533.3;8948.0,-7512.0;8912.2,-7572.4;8917.1,-7579.0;8954.4,-7576.3;8960.2,-7570.4;8963.2,-7548.5;8972.0,-7533.3
우동저수지|reservoir|70.19|9128.1,7804.7;9133.3,7779.8;9181.4,7710.9;9187.1,7693.3;9179.4,7671.2;9196.0,7658.2;9207.9,7678.7;9235.5,7683.7;9237.6,7714.8;9246.2,7721.8;9264.9,7718.7;9289.0,7742.1;9291.9,7763.7;9314.0,7797.9;9306.7,7814.6;9281.8,7829.6;9128.1,7804.7
|reservoir|86.94|10026.4,5335.6;10021.9,5311.2;10034.2,5297.1;10064.1,5286.1;10088.9,5261.3;10090.0,5234.1;10127.9,5185.4;10146.5,5198.6;10138.5,5232.8;10151.0,5261.7;10187.4,5283.5;10149.1,5346.2;10026.4,5335.6
불모산저수지|reservoir|101.45|9490.8,-1188.1;9308.6,-1575.2;9541.6,-1703.8;9671.5,-1628.6;9691.7,-1579.3;9693.7,-1537.8;9641.9,-1474.3;9671.2,-1450.9;9660.0,-1391.8;9605.3,-1337.2;9587.3,-1296.7;9490.8,-1188.1
대발령소류지|pond|32.33|8782.1,-9463.1;8768.2,-9467.3;8764.3,-9474.3;8769.0,-9528.8;8834.6,-9512.7;8822.1,-9484.4;8782.1,-9463.1
|pond|0.8|14590.9,-9397.0;14593.0,-9412.6;14604.4,-9410.1;14639.5,-9419.4;14658.1,-9434.6;14680.4,-9430.8;14687.6,-9418.1;14685.5,-9405.4;14664.4,-9399.9;14636.2,-9405.0;14610.8,-9397.0;14590.9,-9397.0
|canal|9.56|17007.2,-15890.1;17014.7,-15892.1;17019.2,-15864.7;17035.0,-15843.2;17036.7,-15819.6;17090.8,-15753.2;17106.5,-15740.9;17158.1,-15721.3;17167.6,-15713.8;17182.6,-15683.7;17316.9,-15599.3;17369.7,-15576.5;17425.2,-15563.8;17581.4,-15573.5;17644.7,-15566.9;17644.3,-15563.0;17410.3,-15557.3;17305.1,-15594.4;17236.2,-15635.1;17069.0,-15762.3;17041.3,-15798.9;17017.1,-15841.5;17007.2,-15890.1
|water|125.94|17134.3,-9003.6;17149.1,-9073.8;17220.5,-9077.7;17212.8,-9019.7;17279.1,-9009.4;17254.0,-8980.4;17134.3,-9003.6
|water|31.29|16617.9,-9122.8;16583.1,-9164.7;16589.5,-9213.1;16647.5,-9182.8;16664.2,-9136.4;16617.9,-9122.8
|reservoir|55.09|15959.6,1109.0;15955.3,1097.9;15966.6,1003.5;15974.7,965.2;15987.1,966.8;16048.7,1084.7;16042.1,1098.6;16006.3,1111.5;15997.9,1122.9;15959.6,1109.0
두동 제1소류지|reservoir|39.71|17079.5,-8543.4;16981.7,-8754.8;17104.7,-8775.4;17148.4,-8713.6;17205.1,-8729.0;17193.5,-8659.4;17146.5,-8603.4;17138.8,-8561.5;17079.5,-8543.4
두동 제2소류지|reservoir|36.61|17075.7,-8456.3;17086.8,-8520.2;17105.8,-8531.9;17120.8,-8532.8;17134.9,-8526.0;17147.0,-8495.4;17151.8,-8447.9;17132.3,-8443.8;17127.8,-8451.3;17087.1,-8449.7;17075.7,-8456.3
|reservoir|13.83|17378.3,1356.5;17394.6,1281.0;17427.8,1277.3;17440.4,1296.6;17435.2,1302.5;17442.6,1308.4;17437.5,1352.8;17396.0,1366.1;17378.3,1356.5
양동저수지|reservoir|52.28|16869.3,2689.8;16831.1,2834.6;16811.5,2875.4;16786.9,2858.4;16725.7,2880.9;16747.4,2839.7;16740.1,2794.3;16737.6,2697.4;16764.8,2618.9;16778.4,2600.2;16869.3,2689.8
내삼저수지|reservoir|97.88|16721.2,5787.9;16761.1,5675.6;16786.9,5639.8;16812.6,5557.3;16921.1,5597.5;16818.8,5736.9;16721.2,5787.9
양동작은소류지|reservoir|70.39|16936.4,3171.5;16980.8,3105.1;17011.8,3148.1;17009.8,3165.9;16992.7,3187.8;16968.1,3196.1;16949.1,3189.0;16936.4,3171.5
훈육소류지|pond|43.29|17340.2,3634.6;17332.4,3635.8;17323.6,3624.1;17321.6,3613.2;17331.4,3598.5;17329.7,3588.5;17340.4,3582.9;17357.0,3548.0;17382.9,3581.0;17340.2,3634.6
어병저수지|pond|82.39|16983.5,8957.9;16923.5,8940.3;16924.9,8924.2;16929.8,8914.7;16968.1,8894.5;16973.5,8897.4;16984.7,8944.4;16983.5,8957.9
퇴래못|reservoir|7.11|16106.6,11574.6;16092.7,11570.2;16102.0,11540.7;16119.5,11511.2;16179.8,11498.3;16194.4,11499.7;16209.1,11511.7;16216.9,11553.3;16214.4,11562.6;16190.8,11569.2;16106.6,11574.6
금용소류지|reservoir|57.39|16435.0,8983.9;16422.3,8990.8;16409.6,8984.9;16361.3,8943.0;16368.1,8925.9;16408.6,8897.6;16459.4,8872.3;16497.5,8835.2;16508.2,8856.7;16477.9,8902.5;16435.0,8983.9
범곡1소류지|reservoir|106.49|15894.1,8767.1;15867.7,8723.4;15870.9,8710.0;15922.6,8719.2;15980.2,8682.4;15994.8,8693.4;15991.9,8711.4;15970.0,8732.6;15929.5,8757.4;15894.1,8767.1
상우소류지|reservoir|59.39|15024.6,7370.3;14955.3,7288.3;14975.8,7261.5;15006.5,7257.1;15042.1,7264.9;15054.3,7317.6;15024.6,7370.3
능동2소류지|reservoir|83.15|15161.6,159.3;15142.8,176.5;15106.9,182.2;15074.2,175.3;15081.7,160.2;15101.2,154.7;15120.9,127.5;15116.3,106.9;15128.3,99.5;15125.8,73.8;15158.1,47.9;15155.4,26.1;15175.5,-3.9;15209.9,-19.2;15277.7,69.3;15256.3,106.5;15189.1,160.8;15161.6,159.3
냉정저수지|reservoir|67.21|15048.3,2629.9;15043.1,2585.1;15050.5,2540.0;15105.3,2519.0;15163.1,2504.4;15214.2,2594.6;15191.8,2617.0;15070.1,2612.4;15048.3,2629.9
산본저수지|reservoir|80.4|14285.0,2683.9;14244.5,2612.7;14261.4,2590.5;14345.5,2567.5;14343.1,2581.2;14381.4,2610.2;14379.9,2621.5;14369.2,2636.3;14340.9,2658.3;14317.9,2686.3;14302.6,2691.7;14285.0,2683.9
|pond|51.75|14480.1,-6529.6;14502.8,-6559.7;14534.5,-6588.9;14546.4,-6591.4;14560.8,-6576.1;14562.4,-6568.4;14557.9,-6560.7;14527.5,-6531.6;14497.7,-6514.9;14480.1,-6529.6
|water|20.04|14378.0,-7423.1;14336.4,-7456.3;14303.3,-7520.9;14315.6,-7547.4;14333.9,-7563.8;14408.4,-7491.6;14439.7,-7393.7;14378.0,-7423.1
고모소류지|pond|21.38|14275.5,8289.0;14251.1,8288.5;14247.7,8281.7;14257.7,8221.2;14278.4,8221.7;14290.1,8228.3;14283.3,8275.8;14275.5,8289.0
개동1소류지|reservoir|20.71|14152.9,7028.5;14123.8,6888.8;14145.1,6862.9;14189.0,6878.7;14197.3,6886.5;14208.9,6913.8;14210.7,6933.7;14250.8,7010.2;14249.4,7015.8;14235.0,7022.3;14152.9,7028.5
|reservoir|28.81|14220.5,6060.1;14175.6,5973.5;14176.8,5968.7;14205.7,5959.8;14207.5,5973.1;14214.4,5979.4;14240.8,5989.8;14242.8,6036.2;14256.6,6045.4;14262.0,6059.3;14220.5,6060.1
학성저수지|reservoir|38.03|14144.7,3945.5;14173.6,3898.1;14189.2,3884.7;14233.6,3823.8;14268.6,3804.3;14308.8,3795.7;14358.5,3767.7;14381.9,3778.6;14352.8,3802.0;14330.8,3849.7;14350.2,3877.9;14317.4,3949.6;14266.4,3980.6;14240.8,4012.7;14144.7,3945.5
|water|40.07|14389.0,5774.3;14418.7,5773.6;14431.0,5847.3;14433.9,5916.7;14405.8,5921.9;14399.3,5917.9;14389.0,5774.3
신안저수지|reservoir|56.77|12099.6,3216.1;11965.7,3154.2;11952.8,3125.7;12069.8,3047.7;12070.9,3038.0;12126.2,3018.5;12142.3,3030.5;12192.4,3001.7;12226.8,3014.1;12270.7,3040.6;12255.0,3073.3;12111.5,3214.7;12099.6,3216.1
등리소류지|pond|40.34|12611.0,8424.2;12610.6,8403.8;12649.8,8379.5;12691.9,8405.3;12700.4,8425.6;12685.7,8435.6;12624.3,8431.2;12611.0,8424.2
용전소류지|pond|80.98|12849.9,2547.5;12839.6,2540.0;12840.1,2526.6;12860.8,2527.3;12906.5,2504.6;12929.9,2505.3;12945.0,2525.3;12943.1,2533.6;12931.4,2538.8;12849.9,2547.5
신월저수지|pond|78.8|12365.3,2741.5;12358.0,2727.3;12367.3,2704.9;12403.9,2680.0;12432.2,2697.6;12442.4,2719.5;12365.3,2741.5
관동저수지|pond|83.94|13554.0,2420.5;13564.0,2403.9;13612.1,2392.2;13617.7,2399.5;13615.7,2425.1;13603.1,2430.5;13554.0,2420.5
산본2소류지|pond|112.4|13606.0,2169.2;13589.1,2126.8;13599.4,2108.0;13610.9,2109.9;13648.9,2151.7;13648.4,2160.9;13630.9,2168.5;13606.0,2169.2
웅동수원지|reservoir|42.46|13378.0,-7953.7;13660.9,-7634.8;13652.5,-7573.6;13673.7,-7502.2;13645.7,-7446.1;13591.3,-7441.0;13576.8,-7492.0;13375.5,-7425.7;13297.3,-7453.7;13302.4,-7586.4;13237.8,-7804.9;13378.0,-7953.7
|water|48.21|13717.2,-9430.6;13717.4,-9450.2;13788.7,-9467.6;13775.6,-9410.1;13717.2,-9430.6
|water|0.8|12906.8,-10858.7;12998.6,-10839.6;12994.8,-10736.6;12958.6,-10744.7;12920.8,-10785.5;12909.8,-10801.7;12904.7,-10822.5;12906.8,-10858.7
|water|24.89|12427.8,-9550.2;12463.9,-9606.2;12540.6,-9636.0;12556.8,-9600.8;12455.8,-9534.0;12427.8,-9550.2
|canal|2.69|12202.1,-10730.1;12204.7,-10711.0;12230.2,-10711.6;12210.3,-10688.8;12187.8,-10678.8;12179.1,-10641.8;12180.6,-10598.9;12197.2,-10471.3;12202.0,-10359.5;12193.9,-10257.4;12159.6,-10150.8;12128.8,-10098.9;12177.6,-10224.2;12186.4,-10266.7;12190.8,-10372.2;12185.5,-10449.9;12174.2,-10504.1;12169.8,-10568.1;12174.2,-10658.0;12182.0,-10710.3;12202.1,-10730.1
|pond|9.33|11903.3,-9616.1;11913.6,-9655.8;11924.2,-9660.6;11929.0,-9671.3;11921.7,-9689.0;11930.9,-9744.9;11929.0,-9771.8;11949.2,-9781.7;11960.1,-9793.8;11959.2,-9807.5;11945.2,-9819.3;11957.0,-9941.8;11951.8,-9947.7;11919.5,-9949.9;11948.5,-9954.7;11957.3,-9951.8;11963.6,-9938.9;11957.7,-9919.0;11949.2,-9823.3;11959.2,-9815.9;11965.4,-9803.4;11962.5,-9788.0;11937.8,-9771.0;11936.7,-9723.6;11928.3,-9692.3;11938.2,-9672.4;11932.0,-9654.7;11920.2,-9649.2;11910.6,-9612.8;11903.3,-9616.1
서중소류지|water|21.42|11078.2,-9694.9;11070.1,-9784.4;11176.6,-9788.9;11275.9,-9773.5;11334.5,-9719.3;11329.1,-9673.3;11078.2,-9694.9
|water|0.8|10669.0,-12478.3;10874.9,-12863.1;11178.6,-12681.8;10936.1,-12544.6;10669.0,-12478.3
백일소류지|water|64.54|10641.1,-8877.9;10635.1,-8885.2;10635.0,-8900.9;10640.7,-8942.4;10652.6,-8995.0;10665.3,-9006.1;10683.2,-8985.1;10663.2,-8884.0;10641.1,-8877.9
|water|25.46|10192.9,-10557.7;10212.0,-10566.2;10224.3,-10583.2;10252.3,-10607.4;10285.5,-10603.6;10267.2,-10550.0;10252.3,-10537.2;10218.8,-10542.3;10192.9,-10557.7
북부소류지|water|38.43|11290.1,-8740.1;11307.6,-8778.5;11447.1,-8782.5;11444.4,-8740.1;11373.3,-8735.2;11290.1,-8740.1
토성소류지|pond|46.69|11180.0,4074.6;11195.6,4074.3;11235.4,4057.7;11238.6,4065.1;11216.6,4107.3;11193.9,4111.2;11181.5,4109.9;11170.7,4091.2;11180.0,4074.6
청곡저수지|reservoir|35.71|11161.0,5475.5;11155.0,5421.6;11161.4,5386.5;11145.3,5371.3;11142.6,5356.1;11147.2,5342.3;11138.9,5314.7;11145.9,5315.1;11176.0,5351.9;11209.7,5371.0;11216.3,5386.8;11208.7,5412.2;11226.7,5473.8;11161.0,5475.5
안평제1저수지|reservoir|50.94|11989.3,8446.0;11969.1,8435.0;11967.4,8411.4;11979.1,8381.1;11998.6,8362.1;12022.0,8358.2;12031.3,8368.9;12028.6,8388.0;12048.4,8412.8;12028.1,8412.1;11989.3,8446.0
내룡저수지|reservoir|62.58|11752.4,9826.0;11704.6,9797.9;11687.2,9755.2;11660.7,9733.8;11654.4,9676.9;11656.0,9664.4;11662.9,9655.2;11717.0,9632.6;11782.3,9689.9;11821.0,9696.8;11845.5,9709.1;11845.9,9715.3;11759.7,9824.0;11752.4,9826.0
평지저수지, 진례저수지|reservoir|128.63|10814.9,3078.1;10662.0,2927.1;10612.6,2894.6;10478.1,2869.2;10470.7,2794.3;10564.5,2742.3;10773.3,2880.8;10894.0,2928.5;10814.9,3078.1
|reservoir|78.83|10491.8,7165.8;10507.4,7169.5;10528.1,7186.1;10558.2,7238.3;10556.2,7249.3;10530.8,7253.1;10471.8,7275.4;10446.3,7270.7;10440.6,7241.3;10477.3,7199.3;10491.8,7165.8
신월저수지|reservoir|84.35|10317.8,4123.3;10356.3,4096.5;10449.5,4073.3;10445.4,4170.7;10401.7,4193.6;10371.6,4198.5;10343.6,4171.6;10317.8,4123.3
|reservoir|61.53|10291.3,6092.1;10291.3,6011.9;10320.2,5970.2;10384.4,6069.7;10291.3,6092.1
여래저수지|reservoir|43.34|10513.7,10818.3;10492.2,10737.1;10510.9,10708.5;10513.5,10695.1;10527.2,10695.9;10536.2,10707.1;10547.1,10711.6;10584.1,10704.9;10608.8,10760.9;10615.2,10797.6;10513.7,10818.3
|lake|2.28|10380.2,12830.2;10387.0,12807.8;10465.6,12826.8;10533.4,12668.9;10454.9,12631.4;10468.5,12603.6;10489.0,12605.0;10488.0,12612.8;10565.1,12641.1;10568.1,12646.0;10468.5,12869.1;10443.6,12864.3;10451.9,12829.2;10420.7,12824.8;10417.8,12819.4;10396.8,12815.1;10390.9,12834.6;10380.2,12830.2
|lake|2.16|10584.3,12601.5;10573.7,12589.6;10671.9,12377.1;10669.3,12347.0;10734.3,12386.9;10742.0,12382.6;10746.6,12391.1;10729.2,12394.5;10697.8,12376.2;10671.4,12428.9;10714.8,12449.6;10712.6,12454.7;10669.3,12435.6;10594.5,12596.0;10584.3,12601.5
밀양강|river|1.96|17429.2,20398.3;17455.1,20351.8;17654.7,20414.5;17608.0,20526.2;17560.1,20595.0;17566.0,20608.5;17555.4,20615.2;17502.3,20680.8;17423.8,20751.8;17265.7,20828.5;17207.1,20850.7;17173.6,20879.2;17115.0,20910.3;17000.4,20938.2;16973.1,20967.1;16857.6,20995.0;16829.3,21023.9;16743.8,21052.8;16686.5,21080.7;16657.4,21109.6;16571.9,21137.5;16543.7,21166.4;16458.2,21195.3;16400.9,21223.2;16371.8,21252.1;16314.5,21279.9;16229.0,21308.9;16200.8,21337.8;16115.3,21365.6;16058.9,21393.5;16028.9,21422.4;15943.4,21451.4;15915.2,21480.3;15743.2,21537.1;15600.4,21564.9;15572.2,21593.9;15457.6,21621.7;15400.3,21678.5;15372.1,21692.9;15328.4,21836.5;15328.4,22122.6;15355.7,22179.4;15384.8,22265.1;15413.0,22323.0;15442.2,22437.6;15498.5,22551.2;15526.7,22580.1;15555.8,22638.0;15584.1,22722.6;15612.2,22752.7;15640.4,22809.5;15655.0,22895.2;15712.3,22895.2;15726.0,22980.9;15726.0,23038.8;15754.2,23066.6;15783.3,23153.5;15811.5,23210.2;15839.7,23239.2;15867.9,23295.9;15897.0,23324.9;15925.2,23381.7;15959.1,23417.2;15967.9,23439.6;15996.1,23469.6;16024.3,23568.7;16038.9,23583.1;16067.1,23696.7;16095.3,24069.6;16111.0,24669.6;16111.7,24758.8;16103.4,24834.7;16114.6,24856.1;16121.6,24984.7;16121.6,25156.1;16149.9,25270.8;16163.5,25285.2;16220.8,25314.2;16235.4,25328.6;16234.4,25671.5;16206.2,25700.4;16206.2,25757.2;16178.0,25786.2;16062.5,26014.4;16006.1,26071.1;15990.7,26129.0;15905.2,26142.4;15877.0,26171.3;15820.6,26199.2;15790.5,26228.1;15733.2,26242.6;15733.2,26299.3;15675.9,26313.8;15618.6,26369.5;15562.2,26399.5;15504.9,26414.0;15490.4,26470.8;15461.3,26500.8;15447.6,26527.6;15390.3,26542.0;15275.7,26656.7;15190.2,26699.0;15190.2,26755.8;15132.9,26770.2;15046.5,26855.9;14960.9,26898.3;14960.9,26956.1;14931.8,26941.7;14903.6,26941.7;14846.3,26969.5;14789.0,26984.0;14775.4,27041.8;14746.3,27069.7;14718.1,27127.6;14689.0,27155.4;14659.9,27212.2;14631.7,27241.1;14602.6,27355.8;14574.3,27412.5;14573.4,27584.0;14602.6,27670.8;14630.7,27784.3;14715.3,27956.9;14744.5,28071.6;14800.8,28243.0;14829.0,28385.5;14885.5,28559.1;14914.6,28587.0;14942.7,28643.7;14957.3,28700.5;15014.6,28701.6;15028.3,28758.4;15056.5,29015.6;15055.5,29273.8;15027.4,29387.4;14998.2,29445.3;14970.0,29473.1;14940.9,29558.8;14883.6,29673.5;14739.9,29815.9;14726.2,29844.9;14668.9,29844.9;14653.5,29901.7;14490.8,30047.9;14518.7,29911.1;14440.6,29829.3;14461.3,29786.4;14583.4,29772.5;14641.7,29772.5;14653.5,29759.2;14653.5,29701.3;14698.1,29659.0;14726.2,29645.6;14726.2,29730.2;14783.6,29730.2;14798.1,29673.5;14827.2,29615.6;14912.7,29532.1;14912.7,29473.1;14940.9,29416.3;14970.0,29272.7;14970.0,29130.2;14942.7,28873.1;14913.6,28758.4;14885.5,28729.5;14857.2,28643.7;14829.0,28614.8;14771.7,28500.2;14771.7,28385.5;14743.5,28271.9;14715.3,28243.0;14687.1,28185.1;14658.0,28070.4;14629.8,28013.7;14600.7,27984.7;14573.4,27899.0;14544.3,27842.2;14530.7,27784.3;14473.4,27812.2;14425.6,27786.6;14416.3,27705.8;14459.7,27469.3;14488.8,27383.6;14517.0,27325.7;14546.1,27241.1;14574.3,27126.5;14631.7,27069.7;14646.2,27012.9;14703.5,27012.9;14718.1,26955.0;14732.6,26941.7;14846.3,26883.8;14860.9,26870.4;14875.4,26812.5;14931.8,26798.1;14960.9,26770.2;15018.3,26755.8;15032.8,26699.0;15147.4,26584.3;15175.6,26527.6;15190.2,26513.1;15262.0,26470.8;15390.3,26341.7;15447.6,26313.8;15463.1,26299.3;15490.4,26241.5;15504.9,26228.1;15562.2,26199.2;15619.5,26184.7;15635.0,26127.9;15662.3,26071.1;15676.8,26056.7;15734.2,26042.2;15748.7,25985.4;15848.7,25885.2;15906.1,25870.8;15919.7,25814.0;15948.8,25785.1;15977.0,25728.3;16006.1,25699.3;16034.3,25642.6;16063.4,25613.6;16091.6,25526.8;16092.5,25385.4;16063.4,25327.5;16035.2,25241.8;16007.0,25185.0;15979.7,25098.2;15922.4,24755.3;15923.3,24097.4;15895.1,24039.6;15895.1,23926.0;15867.0,23897.1;15838.7,23782.4;15810.6,23696.7;15789.1,23668.7;15780.2,23636.1;15748.6,23596.1;15702.9,23411.9;15575.0,23089.5;15458.2,22902.0;15420.9,22822.1;15390.5,22786.5;15329.8,22689.5;15284.8,22651.6;15218.5,22552.6;15183.6,22433.3;15200.4,22015.7;15199.3,21948.7;15214.7,21922.2;15242.9,21749.7;15272.0,21664.0;15286.6,21650.6;15343.9,21636.2;15343.9,21578.3;15401.2,21564.9;15429.4,21536.0;15572.2,21521.5;15572.2,21464.7;15657.7,21450.3;15715.0,21422.4;15887.0,21365.6;15915.2,21336.7;15972.5,21307.8;16058.9,21222.1;16115.3,21194.2;16200.8,21108.5;16258.1,21079.6;16287.2,21051.7;16343.6,21022.8;16372.7,20993.8;16430.0,20966.0;16486.4,20951.5;16487.3,20894.8;16543.7,20880.3;16572.8,20851.4;16630.1,20823.5;16658.3,20793.5;16715.7,20766.7;16801.2,20737.8;16858.5,20708.9;16886.7,20679.9;16944.0,20652.1;16958.5,20637.6;17042.8,20580.8;17183.3,20550.9;17286.9,20509.6;17322.6,20485.2;17348.5,20448.2;17429.2,20398.3
|river|4.31|16996.9,16175.0;17016.0,16261.9;17012.4,16300.0;16990.9,16382.2;16888.3,16603.8;16864.4,16582.4;16964.7,16373.9;16975.4,16297.7;16979.0,16225.0;16967.0,16179.7;16964.7,16142.8;16973.0,16099.9;16988.5,16054.6;17016.0,16001.0;17067.3,15926.0;17111.4,15839.0;17148.4,15827.1;17155.6,15875.9;17123.4,15909.3;17038.6,16029.6;17010.0,16078.5;16996.9,16140.4;16996.9,16175.0
|river|1.67|17453.9,18592.0;17480.7,18605.7;17696.4,19041.5;17739.6,19140.6;17748.6,19193.2;17757.4,19215.8;17801.6,19268.2;17819.1,19349.2;17841.6,19490.0;17848.4,19502.6;17905.0,19530.6;17938.9,19601.5;17943.6,19617.0;17940.1,19624.6;17911.4,19650.4;17886.0,19661.6;17884.0,19678.5;17871.6,19681.0;17866.2,19666.8;17823.4,19677.5;17816.1,19671.5;17808.6,19610.1;17684.0,19253.1;17539.0,18913.9;17507.6,18811.7;17452.7,18721.6;17426.8,18707.2;17391.7,18701.4;17328.2,18706.7;17257.7,18735.4;16930.3,18821.2;16852.7,18833.3;16817.1,18848.2;16809.5,18874.7;16801.0,18839.9;16728.3,18633.9;16795.1,18688.5;16833.7,18706.0;16873.2,18715.2;16923.5,18712.3;17228.9,18615.9;17304.6,18607.6;17376.3,18607.6;17432.4,18592.0;17453.9,18592.0
|river|4.02|17524.2,15706.7;17537.0,15732.1;17489.0,15757.6;17473.3,15763.5;17361.6,15761.3;17315.1,15774.8;17227.1,15821.5;17215.7,15822.9;17200.0,15834.9;17193.0,15849.1;17170.8,15858.1;17155.6,15875.9;17148.4,15827.1;17190.9,15816.7;17262.6,15779.3;17333.8,15749.3;17459.0,15742.6;17483.8,15732.9;17524.2,15706.7
|canal|2.95|17746.5,15099.2;17752.4,15138.9;17760.8,15139.3;17761.6,15151.4;17750.7,15189.5;17744.4,15419.2;17739.2,15441.2;17739.8,15463.5;17720.2,15498.1;17680.0,15534.6;17673.4,15515.7;17715.9,15455.9;17720.8,15396.5;17724.8,15394.9;17729.7,15176.2;17725.4,15148.7;17720.2,15142.8;17733.6,15140.6;17732.3,15120.7;17722.1,15085.4;17704.2,15056.7;17690.1,15054.4;17676.0,15038.7;17655.4,15035.1;17633.8,14999.8;17617.5,14982.5;17630.6,14966.9;17667.2,15009.0;17677.0,15017.2;17693.7,15021.1;17726.1,15051.1;17746.5,15099.2
금곡소류지|pond|30.97|18284.5,16326.9;18254.0,16332.3;18240.1,16327.4;18236.9,16318.8;18240.2,16295.9;18265.1,16295.1;18283.6,16301.2;18292.3,16315.7;18290.3,16324.2;18284.5,16326.9
|pond|4.03|18257.6,19794.3;18234.1,19806.0;18224.1,19803.3;18206.8,19782.8;18217.1,19774.6;18215.1,19767.7;18221.5,19759.7;18243.4,19756.8;18252.2,19765.6;18257.6,19782.1;18257.6,19794.3
|reservoir|3.93|19040.4,22144.2;19064.6,22090.8;19074.3,22078.9;19108.8,22064.9;19123.6,22053.1;19167.0,22001.8;19189.5,21986.1;19225.6,21933.1;19240.9,21920.8;19256.2,21916.6;19270.2,21937.4;19306.7,21935.7;19326.3,21942.9;19368.7,21934.8;19333.5,22038.2;19311.0,22080.2;19261.7,22136.5;19219.2,22172.6;19208.6,22204.3;19201.4,22205.6;19186.9,22181.5;19164.8,22159.8;19095.2,22183.1;19090.1,22171.3;19042.9,22154.3;19040.4,22144.2
|reservoir|5.91|18399.6,19771.4;18369.8,19791.4;18342.0,19784.5;18331.3,19773.3;18326.9,19755.3;18306.9,19739.3;18311.7,19703.2;18336.1,19683.8;18381.5,19698.8;18402.5,19724.7;18407.4,19754.8;18399.6,19771.4
금곡1소류지|pond|16.35|18405.1,14832.6;18354.3,14818.6;18358.1,14791.3;18390.9,14790.1;18429.5,14798.5;18434.7,14811.5;18430.4,14820.4;18405.1,14832.6
|reservoir|1.12|19818.5,22088.6;19694.0,22114.4;19675.3,22127.8;19598.4,22150.7;19575.5,22164.7;19516.2,22187.6;19481.5,22194.0;19382.9,22249.6;19289.6,22273.1;19260.2,22277.2;19245.0,22269.5;19245.0,22257.2;19262.6,22259.6;19289.6,22250.2;19313.6,22216.3;19331.8,22203.4;19358.8,22173.5;19421.7,22067.5;19432.8,22055.2;19457.5,21981.4;19482.7,22014.2;19510.9,22026.5;19525.0,22027.7;19569.6,22009.5;19612.5,22035.3;19616.0,22048.2;19640.6,22054.0;19672.3,22052.9;19728.1,22074.5;19811.5,22079.8;19818.5,22088.6
성포소류지|pond|15.24|20048.9,17607.5;20055.2,17585.6;20070.1,17577.6;20090.5,17591.0;20092.4,17598.8;20135.5,17617.8;20140.1,17631.5;20151.6,17636.6;20158.5,17657.6;20149.4,17664.1;20115.2,17650.3;20048.9,17607.5
참새골소류지|pond|38.35|19823.4,17195.6;19790.2,17131.6;19808.6,17118.2;19808.4,17128.1;19821.8,17132.9;19837.0,17128.8;19842.2,17141.1;19823.4,17195.6
경동소류지|reservoir|38.74|19907.9,14788.8;19896.4,14771.7;19906.9,14761.0;19913.0,14734.9;19905.0,14728.3;19882.3,14724.5;19879.6,14709.3;19911.1,14687.7;19973.3,14713.5;19963.0,14734.9;19938.1,14764.2;19907.9,14788.8
마현1소류지|reservoir|75.96|20660.1,16237.5;20639.4,16303.5;20617.9,16310.3;20590.6,16267.4;20578.9,16259.7;20561.3,16267.0;20560.3,16247.5;20572.8,16218.7;20599.3,16216.1;20647.2,16224.6;20660.1,16237.5
사곡소류지|reservoir|19.18|20887.1,16859.2;20821.9,16861.0;20814.7,16855.7;20806.7,16813.8;20852.5,16758.7;20857.7,16759.2;20872.5,16806.5;20897.7,16823.3;20887.1,16859.2
안양지|pond|16.87|20763.2,19678.6;20753.2,19679.0;20739.0,19645.5;20783.8,19612.2;20808.0,19620.2;20763.2,19678.6
생철못|pond|30.86|21270.9,17573.7;21260.8,17575.6;21245.4,17551.2;21244.0,17540.6;21250.2,17527.2;21280.7,17525.8;21289.2,17533.7;21284.6,17557.3;21270.9,17573.7
낙동강|river|2.73|27101.9,18271.4;27068.1,18340.6;27006.1,18405.2;26999.9,18400.8;26985.7,18403.3;26873.9,18512.9;26817.0,18558.6;26783.9,18576.7;26732.2,18601.5;26609.2,18642.0;26367.7,18679.2;26112.0,18673.4;26059.3,18675.8;25986.3,18688.7;25956.8,18687.7;25724.5,18585.2;25690.8,18579.6;25628.9,18582.3;25590.0,18576.2;25490.3,18591.1;25433.2,18589.6;25357.6,18569.6;25264.1,18519.2;25126.0,18467.0;25073.4,18459.2;25047.0,18463.2;24967.1,18491.4;24934.5,18512.3;24822.3,18555.3;24757.6,18590.2;24639.3,18642.7;24394.7,18772.6;24221.3,18848.1;24094.6,18892.5;23983.9,18941.4;23825.2,19046.6;23703.0,19154.1;23575.0,19289.8;23440.8,19465.9;23394.5,19533.5;23380.7,19564.6;23336.1,19687.2;23238.4,19931.2;23129.6,20227.2;23102.4,20267.9;23096.8,20298.5;23095.9,20324.3;23101.9,20357.4;23096.3,20405.8;23069.7,20486.9;23057.0,20494.2;23039.5,20627.0;23042.4,20660.4;23026.8,20739.8;23019.1,20758.2;23008.5,20837.6;22997.5,20885.8;22977.0,20942.8;22957.7,21024.6;22904.5,21150.2;22882.1,21172.8;22855.5,21240.3;22815.0,21307.9;22814.7,21321.3;22759.4,21406.3;22726.4,21546.5;22709.3,21585.2;22667.1,21641.6;22597.6,21704.7;22564.7,21742.6;22548.8,21757.0;22515.4,21773.6;22499.5,21818.3;22457.5,21861.2;22423.1,21887.9;22363.6,21927.1;22304.1,21954.4;22258.9,21956.6;22193.3,21979.2;22104.0,21984.1;21994.5,22004.3;21920.8,22007.0;21843.4,21998.7;21753.2,21998.9;21669.2,21991.4;21603.8,21982.6;21453.3,21945.4;21175.6,21811.3;21068.8,21755.5;20971.7,21696.6;20834.1,21626.8;20757.9,21590.3;20596.2,21533.8;20531.5,21503.9;20462.2,21460.3;20390.3,21435.2;20385.4,21424.3;20393.9,21397.7;20399.3,21393.9;20437.1,21394.8;20481.0,21411.6;20486.4,21406.5;20465.2,21386.6;20436.9,21370.2;20145.3,21232.2;20024.8,21181.6;19948.1,21142.2;19617.8,20947.2;19311.1,20752.9;19129.6,20656.0;19101.3,20632.0;19066.6,20632.0;19023.4,20611.0;18962.0,20571.8;18810.9,20518.8;18688.7,20469.0;18647.8,20460.3;18593.0,20457.4;18568.2,20437.6;18399.6,20376.1;18310.1,20353.6;18260.2,20332.7;18107.3,20290.8;18029.8,20260.8;17986.1,20250.4;17947.1,20252.1;17907.0,20260.6;17854.5,20289.9;17839.0,20311.1;17820.8,20324.1;17784.5,20330.5;17698.8,20367.8;17672.9,20389.2;17654.7,20414.5;17455.1,20351.8;17415.1,20323.5;17654.2,19745.1;17791.2,19804.1;17846.9,19823.0;17855.6,19809.1;17821.6,19727.6;17817.5,19702.6;17822.7,19694.6;17987.2,19656.5;18028.5,19641.4;18047.3,19642.1;18080.9,19659.9;18092.1,19675.5;18129.7,19797.2;18140.2,19819.4;18150.5,19830.1;18247.3,19881.9;18299.3,19935.0;18344.9,19964.2;18396.5,19971.5;18472.9,19996.1;18713.7,20020.4;18828.5,20039.5;18923.2,20062.1;18996.4,20104.1;19116.3,20114.7;19230.9,20133.3;19280.6,20146.3;19340.0,20170.2;19382.8,20205.9;19506.5,20273.4;19558.5,20295.0;19606.6,20344.7;19678.3,20392.2;19819.8,20467.2;19861.5,20523.6;19868.9,20529.2;19896.2,20533.1;20004.8,20640.0;20069.9,20683.3;20087.5,20685.3;20316.6,20775.8;20354.1,20802.6;20402.0,20815.0;20428.8,20836.2;20451.0,20845.4;20595.0,20881.0;20783.1,20958.6;20883.3,21045.3;20899.2,21077.4;20946.8,21110.3;21047.1,21166.0;21156.6,21255.6;21203.0,21279.5;21237.1,21285.5;21321.3,21333.7;21372.1,21356.6;21486.0,21386.3;21619.9,21409.7;21756.1,21427.9;21818.1,21431.1;21874.2,21431.6;22032.8,21407.7;22087.4,21392.9;22212.6,21340.8;22318.5,21267.0;22328.2,21258.0;22359.5,21197.9;22397.0,21158.2;22469.3,21051.4;22522.4,20933.8;22588.3,20733.0;22674.7,20536.3;22692.0,20470.3;22741.1,20328.9;22801.9,20132.7;22807.8,20103.5;22850.4,20003.4;22867.4,19931.1;22872.6,19878.8;22904.0,19699.1;22913.8,19597.1;22928.9,19524.8;22953.3,19425.4;22988.2,19335.4;23015.5,19231.4;23037.5,19170.3;23067.5,19109.4;23182.5,18961.9;23241.8,18909.0;23265.1,18894.1;23427.7,18741.9;23528.0,18698.8;23567.3,18671.8;23608.2,18634.6;23744.1,18549.4;23779.7,18531.4;23813.9,18521.4;23935.5,18447.3;24014.5,18414.4;24101.8,18368.3;24203.5,18343.7;24305.7,18299.1;24418.2,18269.2;24699.8,18215.8;24787.1,18212.2;24820.5,18204.4;24893.8,18170.8;24964.3,18154.0;25163.6,18137.7;25228.3,18110.4;25286.6,18099.9;25308.8,18098.0;25394.2,18109.9;25442.0,18123.1;25465.9,18151.6;25468.9,18217.4;25492.2,18294.3;25503.5,18305.2;25566.7,18324.0;25604.7,18327.8;25617.3,18315.6;25628.1,18280.3;25639.5,18262.4;25659.5,18247.5;25672.5,18244.8;25702.1,18255.8;25758.6,18289.3;25788.2,18285.6;25870.9,18243.5;26187.8,18049.9;26262.0,18019.8;26339.8,17980.3;26621.7,17794.6;26782.1,17708.4;26931.0,17597.0;27037.3,17493.6;27238.7,17193.7;27298.7,17116.3;27374.7,17033.1;27424.7,16988.9;27543.9,16913.7;27811.6,16728.2;28119.7,16487.4;28511.2,16788.6;28434.5,16852.7;28349.1,16947.6;28290.0,17004.6;28156.0,17127.8;28133.9,17138.9;28034.1,17238.7;27982.4,17315.6;27939.4,17363.5;27891.4,17431.3;27842.1,17476.8;27827.9,17527.0;27807.2,17556.7;27692.8,17683.3;27516.1,17841.6;27413.4,17940.7;27293.1,18041.8;27223.1,18114.3;27175.4,18149.4;27132.9,18150.5;27124.1,18155.6;27107.7,18207.1;27101.9,18271.4
|river|0.8|21805.4,-1833.9;21798.7,-1748.0;21826.8,-1660.7;21860.8,-1583.1;21993.2,-1398.9;21998.4,-1317.5;21988.0,-1248.7;21952.5,-1191.8;21891.1,-1112.6;21870.4,-1066.0;21804.4,-974.5;21813.4,-958.7;21808.8,-954.5;21796.5,-963.8;21655.9,-750.2;21644.8,-665.8;21652.2,-574.1;21676.6,-439.5;21728.4,-254.6;21754.3,-219.8;21817.2,-173.9;21907.4,-149.5;22308.3,-72.6;22408.9,-46.7;22496.1,-9.0;22485.1,11.0;22377.1,-28.2;22246.9,-58.6;22018.3,-104.4;21998.4,-105.9;21982.8,-99.2;21871.2,-125.1;21812.0,-145.1;21763.9,-173.9;21725.5,-206.5;21680.3,-316.0;21653.0,-420.3;21632.3,-526.0;21627.1,-598.5;21615.3,-625.1;21612.3,-675.4;21616.0,-722.0;21630.8,-777.5;21644.1,-807.1;21641.1,-836.7;21834.2,-1085.2;21845.3,-1116.3;21941.4,-1248.7;21946.6,-1290.1;21945.9,-1355.2;21936.3,-1393.7;21781.7,-1624.5;21752.1,-1711.1;21762.5,-1748.0;21757.8,-1792.7;21715.8,-1778.8;21686.1,-1809.4;21748.5,-1846.4;21850.0,-1982.6;21900.8,-2068.7;21974.0,-2157.9;22058.3,-2232.9;22345.3,-2466.4;22491.1,-2567.0;22544.5,-2592.5;22570.1,-2624.9;22595.5,-2627.1;22673.5,-2682.1;22797.9,-2759.4;23012.6,-2881.9;23164.2,-2960.0;23522.1,-3116.2;23556.5,-3120.4;23602.8,-3139.7;23680.8,-3196.0;23775.7,-3248.5;23863.7,-3306.2;24006.4,-3415.4;24087.2,-3485.3;24145.9,-3549.4;24180.9,-3552.6;24195.5,-3587.0;24331.6,-3751.1;24437.2,-3857.3;24537.3,-3933.1;24579.3,-4004.1;24595.6,-4077.6;24593.9,-4159.3;24565.7,-4237.6;24528.2,-4303.4;24620.8,-4345.5;24661.1,-4289.4;24686.5,-4277.7;24689.3,-4160.0;24699.4,-4087.8;24687.0,-4028.5;24670.6,-4011.9;24675.9,-3971.2;24645.1,-3894.9;24629.7,-3829.7;24531.2,-3693.5;24460.4,-3610.2;24435.2,-3571.1;24381.4,-3506.8;24316.4,-3437.6;24250.3,-3380.8;24125.4,-3286.8;23918.3,-3183.9;23830.1,-3128.3;23721.9,-3015.6;23707.1,-2976.7;23699.2,-2920.0;23700.7,-2830.4;23690.9,-2554.0;23696.0,-2526.5;23692.8,-2482.9;23635.9,-2470.1;23626.7,-2474.4;23620.1,-2465.1;23612.8,-2469.3;23620.4,-2520.0;23619.0,-2695.6;23651.2,-2983.9;23645.5,-3012.5;23635.9,-3020.0;23531.2,-2989.5;23155.2,-2837.7;22874.8,-2707.3;22849.0,-2676.0;22785.8,-2624.7;22769.9,-2624.5;22473.5,-2449.6;22285.1,-2300.1;22273.9,-2275.6;22256.4,-2278.2;22203.2,-2223.9;22080.0,-2121.8;21918.4,-1965.2;21832.4,-1872.8;21805.4,-1833.9
지사천|river|0.8|24717.2,-6867.9;24710.9,-6881.7;24694.5,-6888.1;24546.8,-6878.2;24378.0,-6830.0;24217.7,-6772.2;24180.4,-6755.4;23958.0,-6621.7;23794.3,-6496.5;23705.4,-6444.8;23597.2,-6401.4;23511.7,-6375.9;23401.1,-6359.6;23057.4,-6368.5;22951.3,-6400.6;22829.0,-6479.7;22549.4,-6610.0;22283.1,-6680.6;22077.4,-6720.9;21735.1,-6726.7;21409.3,-6723.4;21114.7,-6691.1;21112.3,-6699.5;21396.1,-6745.6;21740.9,-6750.5;22079.1,-6745.6;22288.1,-6700.3;22557.1,-6622.1;22962.8,-6430.2;23056.6,-6411.3;23207.6,-6399.5;23372.3,-6400.8;23498.2,-6422.7;23702.1,-6500.7;23754.8,-6531.9;23923.9,-6664.1;24047.3,-6743.1;24170.4,-6814.8;24293.3,-6864.2;24524.7,-6936.2;24588.7,-6947.1;24733.8,-6954.7;24717.2,-6867.9
신촌소류지|pond|24.27|21262.7,-9806.3;21256.2,-9808.2;21236.9,-9846.8;21239.6,-9854.9;21263.2,-9866.8;21288.1,-9859.5;21293.7,-9851.9;21294.2,-9836.3;21289.3,-9819.9;21262.7,-9806.3
|water|37.11|21106.8,-5204.7;21057.5,-5232.9;21042.2,-5272.8;21089.2,-5268.2;21135.0,-5247.0;21106.8,-5204.7
|river|1.53|21840.1,-943.7;21883.4,-913.2;21924.9,-874.3;21942.5,-869.6;21998.1,-890.9;22032.6,-898.2;22123.3,-887.5;22207.8,-861.1;22282.5,-864.6;22377.4,-820.8;22475.7,-818.4;22503.9,-812.2;22577.1,-768.5;22614.8,-711.9;22628.6,-704.7;22650.9,-704.1;22691.4,-686.5;22693.6,-670.5;22716.8,-637.5;22742.9,-615.8;22840.8,-602.3;22877.3,-602.7;22876.3,-598.3;22842.1,-594.2;22747.9,-604.5;22724.4,-613.7;22692.6,-646.9;22668.8,-682.7;22619.8,-695.3;22595.0,-713.8;22568.6,-758.4;22500.7,-798.5;22377.1,-810.9;22314.6,-836.0;22298.9,-849.8;22270.9,-854.5;22208.4,-848.9;22181.7,-852.0;22100.7,-878.1;22018.8,-883.1;21996.5,-875.9;21965.1,-855.8;21949.4,-851.4;21931.5,-855.1;21891.9,-880.3;21834.8,-933.0;21831.0,-945.3;21840.1,-943.7
감분소류지|pond|90.26|21325.5,8759.2;21310.6,8753.1;21277.9,8759.9;21264.2,8741.6;21263.0,8719.2;21247.6,8712.4;21244.7,8704.6;21281.8,8680.7;21312.0,8726.5;21334.0,8741.6;21325.5,8759.2
행정소류지|reservoir|44.5|20911.4,13083.7;20928.7,13115.9;20954.6,13146.3;20925.8,13168.8;20878.5,13181.9;20877.7,13167.1;20894.1,13092.5;20900.2,13082.8;20911.4,13083.7
대곡소류지|pond|93.37|20994.9,10146.0;20962.0,10135.4;20957.8,10121.8;20959.0,10083.0;20967.3,10081.6;20991.6,10096.8;21006.1,10118.0;21007.4,10131.3;21002.7,10143.5;20994.9,10146.0
상리소류지|reservoir|88.32|20876.0,9805.8;20850.4,9822.9;20834.8,9816.8;20813.3,9795.3;20804.8,9779.0;20820.2,9761.7;20875.0,9740.5;20891.6,9715.6;20906.0,9706.6;20916.5,9708.3;20921.7,9723.2;20876.0,9805.8
|pond|83.29|20782.3,10737.5;20738.2,10745.1;20722.8,10736.5;20733.1,10697.3;20763.1,10699.7;20786.5,10714.6;20788.0,10726.3;20782.3,10737.5
중리1소류지|reservoir|73.89|20746.1,11266.5;20727.4,11284.2;20704.9,11283.5;20682.3,11277.6;20669.0,11265.9;20671.4,11245.9;20682.3,11220.6;20696.0,11215.2;20730.9,11226.6;20743.8,11239.7;20746.1,11266.5
안덕소류지|reservoir|47.71|20482.2,10589.6;20461.3,10591.0;20447.1,10586.2;20422.5,10516.0;20428.8,10506.5;20453.7,10510.1;20489.1,10533.0;20494.9,10566.7;20482.2,10589.6
모가정소류지|reservoir|74.91|20367.2,8569.2;20351.0,8571.1;20333.4,8539.8;20338.8,8520.1;20410.7,8464.9;20430.1,8463.3;20439.8,8476.1;20439.3,8490.6;20394.5,8533.5;20367.2,8569.2
대리소류지|reservoir|31.02|20377.1,5583.3;20354.3,5566.9;20333.9,5539.8;20332.1,5526.5;20345.5,5498.1;20381.2,5481.4;20409.5,5513.3;20391.5,5543.1;20377.1,5583.3
내선소류지|reservoir|49.28|20581.8,5425.3;20571.8,5410.9;20616.7,5348.3;20625.7,5348.0;20652.5,5386.3;20652.8,5405.3;20625.9,5426.8;20600.1,5429.5;20581.8,5425.3
|reservoir|57.4|20682.1,6868.0;20741.3,6851.5;20761.1,6930.6;20772.1,6941.1;20771.1,6959.4;20782.1,6990.9;20759.9,6996.5;20749.2,6993.3;20726.0,6961.1;20724.3,6947.7;20717.7,6946.5;20718.9,6936.7;20714.8,6928.7;20707.4,6925.0;20691.3,6899.9;20682.1,6868.0
|water|52.87|19806.7,-8816.9;19792.8,-8844.1;19857.1,-8878.2;19867.2,-8837.1;19806.7,-8816.9
국계소류지|reservoir|21.6|19474.6,5951.3;19440.7,5899.8;19438.7,5891.8;19445.5,5882.7;19549.5,5874.2;19541.9,5909.1;19530.2,5922.7;19502.9,5929.5;19474.6,5951.3
국계대저수지|reservoir|70.06|19507.3,6497.4;19591.2,6482.8;19614.9,6523.3;19641.2,6542.0;19614.9,6553.7;19612.9,6578.4;19644.9,6644.4;19639.0,6685.4;19622.2,6682.0;19551.4,6614.7;19520.9,6574.9;19507.5,6535.0;19507.3,6497.4
국계작은소류지|reservoir|79.67|19456.8,6734.4;19452.1,6728.8;19452.1,6694.9;19486.0,6653.9;19493.8,6648.3;19509.7,6653.4;19519.0,6682.5;19519.5,6720.2;19510.2,6733.9;19501.4,6736.1;19456.8,6734.4
|water|6.22|19637.9,4464.5;19656.0,4429.0;19660.1,4408.3;19669.4,4399.1;19685.6,4395.0;19675.3,4416.5;19668.2,4452.0;19670.1,4524.0;19650.1,4572.8;19639.8,4573.9;19625.0,4565.4;19613.9,4546.9;19615.4,4532.5;19622.4,4521.1;19641.6,4506.7;19645.3,4496.3;19637.9,4464.5
안하2소류지|pond|39.2|19407.5,11092.5;19413.1,11066.0;19424.8,11053.1;19443.3,11055.8;19468.7,11078.2;19485.3,11118.4;19474.1,11128.4;19407.5,11092.5
가영저수지|pond|47.46|19392.3,10772.8;19385.4,10773.4;19380.6,10765.3;19377.3,10669.9;19380.1,10661.7;19391.0,10662.1;19408.2,10675.8;19401.1,10715.0;19407.5,10756.0;19392.3,10772.8
안하1소류지|pond|38.02|19426.5,12123.8;19390.9,12155.7;19373.8,12116.9;19416.0,12083.1;19426.3,12082.8;19430.4,12095.0;19426.5,12123.8
신천저수지|reservoir|67.63|19144.3,8455.7;19088.4,8477.0;18996.7,8493.3;18919.5,8441.4;18917.8,8434.1;18911.0,8431.3;18912.2,8425.6;18947.6,8425.4;18965.6,8436.6;19005.2,8438.0;18997.0,8420.0;18997.6,8406.0;18992.8,8401.8;18993.7,8382.4;19002.7,8382.1;19007.1,8376.0;19000.4,8364.2;19020.1,8330.5;19042.3,8343.9;19057.7,8338.0;19090.9,8373.4;19089.5,8378.8;19110.9,8394.8;19119.3,8390.8;19129.1,8401.2;19130.2,8412.7;19141.2,8415.5;19144.3,8455.7
|water|15.1|18387.8,3168.0;18381.7,3153.7;18384.4,3139.3;18440.5,3091.4;18462.4,3104.4;18461.0,3118.8;18413.1,3166.0;18387.8,3168.0
용곡지|pond|73.58|18360.0,7215.4;18364.4,7208.6;18378.3,7204.2;18415.9,7198.6;18423.0,7235.1;18413.7,7244.4;18386.4,7245.9;18360.0,7215.4
용덕저수지|pond|37.54|18449.3,10658.5;18432.8,10653.9;18429.3,10637.6;18438.9,10624.9;18531.6,10625.6;18541.6,10635.6;18539.9,10647.3;18532.8,10652.7;18449.3,10658.5
수조소류지|pond|27.56|18814.1,10215.7;18808.2,10221.3;18798.0,10220.6;18787.7,10207.2;18790.7,10150.2;18794.3,10144.8;18817.5,10147.5;18814.1,10215.7
명동저수지|reservoir|40.52|17901.8,9663.2;17898.3,9656.2;17903.1,9649.1;17952.7,9615.0;18028.0,9537.5;18043.5,9535.9;18072.8,9548.4;18093.7,9550.0;18106.6,9580.6;18100.2,9604.7;18104.0,9612.8;18100.8,9641.7;18075.7,9667.1;18074.1,9680.3;18088.3,9699.3;18084.7,9720.2;18060.9,9748.1;18048.0,9748.1;17901.8,9663.2
장원소류지|reservoir|27.67|17890.1,11373.8;17878.0,11382.9;17830.1,11391.2;17793.8,11374.5;17782.5,11361.8;17784.0,11355.1;17820.6,11327.3;17836.3,11328.1;17873.5,11340.4;17890.0,11364.5;17890.1,11373.8
옥천소류지|reservoir|43.11|17823.5,6691.5;17792.0,6713.2;17759.6,6695.1;17751.5,6677.8;17814.2,6617.4;17837.7,6607.9;17877.9,6661.7;17876.5,6674.9;17823.5,6691.5
점골소류지|reservoir|68.49|17464.1,6996.2;17460.7,6976.5;17442.9,6959.7;17486.1,6921.1;17499.5,6896.5;17537.3,6912.8;17546.8,6924.3;17535.6,6940.2;17494.4,6970.6;17476.3,6991.4;17464.1,6996.2
말안소류지|reservoir|32.97|17553.4,3857.0;17546.6,3864.4;17537.1,3865.3;17507.1,3835.1;17498.3,3788.5;17504.6,3773.9;17519.3,3772.9;17569.3,3803.9;17570.3,3811.7;17553.4,3857.0
대두저수지|reservoir|35.58|17845.2,4106.8;17837.2,4114.8;17825.2,4100.2;17808.9,4061.7;17858.9,4042.6;17878.4,4029.5;17911.4,4025.8;17922.8,4039.0;17925.0,4049.0;17896.7,4070.4;17855.0,4084.1;17845.2,4106.8
덕암소류지|pond|84.55|17980.4,7449.9;17981.1,7418.2;17988.9,7397.8;18031.2,7429.9;18024.1,7445.0;17993.6,7458.2;17988.0,7458.7;17980.4,7449.9
옥계소류지|reservoir|58.51|18086.8,5913.2;18074.6,5910.0;18059.5,5887.9;18050.9,5864.7;18023.1,5830.1;18062.9,5828.6;18091.7,5838.1;18113.9,5861.3;18115.3,5872.3;18086.8,5913.2
홍제소류지|reservoir|61.07|18076.5,7132.8;18078.7,7105.0;18086.8,7098.6;18223.4,7130.3;18251.5,7148.1;18253.7,7166.2;18244.6,7197.9;18236.1,7204.2;18209.5,7199.3;18203.4,7179.3;18183.4,7164.2;18152.9,7150.8;18082.4,7140.3;18076.5,7132.8
|water|27.11|18172.1,3917.1;18184.4,3809.0;18266.5,3776.9;18276.7,3777.1;18292.8,3793.5;18305.1,3826.4;18317.5,3889.6;18256.2,3923.9;18172.1,3917.1
|reservoir|4.08|18014.1,1182.3;17784.9,1179.2;17786.1,987.2;17934.2,975.4;18014.1,1182.3
|reservoir|61.67|17371.2,-8143.2;17400.2,-8230.8;17456.9,-8203.8;17552.8,-8170.9;17540.6,-8152.2;17488.4,-8132.2;17410.5,-8128.4;17371.2,-8143.2
|water|122.62|17696.7,-6946.1;17683.6,-7009.1;17702.1,-7022.3;17724.5,-7009.1;17742.1,-6950.5;17696.7,-6946.1
|water|0.8|18782.6,-2997.7;18778.1,-2997.8;18755.4,-3126.5;18761.5,-3127.6;18807.6,-3100.8;18817.6,-3061.2;18814.0,-3042.2;18782.6,-2997.7
|water|0.8|18801.8,-2996.4;18830.1,-3043.0;18831.8,-3057.9;18839.7,-3059.6;18841.5,-3050.7;18850.3,-3042.5;18870.1,-3044.5;18875.9,-3037.8;18816.0,-2988.7;18801.8,-2996.4
|pond|0.8|18835.0,-1981.9;18842.1,-2004.3;18852.9,-2005.5;18887.0,-1995.2;18915.1,-1995.7;18934.1,-1989.1;18941.3,-1954.0;18956.6,-1921.6;18970.4,-1905.2;18972.0,-1888.9;18951.9,-1873.6;18938.1,-1855.0;18919.4,-1847.4;18913.6,-1850.3;18913.4,-1861.7;18901.6,-1888.1;18908.5,-1921.0;18905.9,-1941.2;18890.9,-1959.7;18841.3,-1968.0;18835.0,-1981.9
|reservoir|34.05|19197.3,-16993.2;19252.6,-17097.7;19271.3,-17087.8;19216.0,-16983.2;19197.3,-16993.2
성북소류지|pond|38.31|18826.9,-16411.7;18875.0,-16485.1;18892.2,-16474.2;18850.2,-16400.8;18829.4,-16403.2;18826.9,-16411.7
천성저수지|reservoir|48.12|18453.6,-18414.9;18540.8,-18521.0;18611.8,-18461.6;18619.5,-18444.6;18621.7,-18422.7;18656.3,-18407.1;18661.6,-18392.6;18657.0,-18377.0;18517.8,-18363.9;18490.3,-18367.1;18453.6,-18414.9
|water|145.09|18699.2,-9661.8;18737.9,-9667.4;18739.5,-9680.9;18696.4,-9696.0;18709.8,-9719.0;18772.1,-9695.4;18765.3,-9678.6;18782.1,-9664.0;18721.6,-9635.4;18689.7,-9648.3;18699.2,-9661.8
|water|64.31|18759.8,-9295.8;18825.9,-9300.4;18832.9,-9292.0;18825.9,-9261.7;18815.7,-9251.9;18815.2,-9229.1;18798.4,-9221.1;18745.3,-9233.7;18738.8,-9261.2;18759.8,-9295.8
|water|146.56|18324.8,-9887.9;18310.6,-9924.7;18393.7,-9967.2;18418.8,-9893.7;18406.6,-9893.7;18391.1,-9914.0;18370.5,-9922.7;18349.3,-9911.8;18343.5,-9894.4;18324.8,-9887.9
|water|147.85|17564.4,-9163.4;17551.5,-9184.1;17559.2,-9215.0;17584.3,-9218.9;17619.1,-9213.7;17711.8,-9159.6;17725.4,-9146.7;17718.9,-9134.4;17692.5,-9124.8;17615.2,-9162.1;17564.4,-9163.4
|river|1.38|19873.8,-10744.1;19878.6,-10726.7;19825.0,-10743.0;19823.8,-10750.0;19813.8,-10747.7;19750.4,-10768.6;19720.3,-10790.5;19686.5,-10836.0;19647.8,-10878.1;19551.9,-11059.2;19538.2,-11103.5;19529.4,-11184.0;19527.5,-12423.4;19575.2,-12417.2;19571.5,-11360.3;19575.3,-11149.7;19581.7,-11113.2;19602.2,-11055.6;19713.6,-10891.2;19769.7,-10828.9;19873.8,-10744.1
|river|1.38|20019.3,-10562.3;19997.5,-10615.0;19996.0,-10640.9;20021.9,-10660.5;20107.1,-10605.2;20160.1,-10555.5;20153.8,-10548.9;20155.2,-10537.8;20148.3,-10531.6;20136.2,-10532.7;20104.6,-10499.6;20038.2,-10553.6;20019.3,-10562.3
|river|1.02|20194.7,-10335.1;20115.9,-10430.9;20059.4,-10483.0;19919.1,-10586.6;19888.3,-10615.9;19864.3,-10656.9;19831.1,-10741.3;19861.6,-10730.6;19883.9,-10667.8;19906.3,-10627.8;19937.4,-10600.6;20078.1,-10500.8;20166.2,-10402.8;20208.9,-10343.1;20249.0,-10266.1;20283.2,-10186.3;20317.9,-10075.4;20309.9,-10046.5;20265.9,-10169.0;20194.7,-10335.1
|pond|43.63|19718.6,-17269.7;19734.9,-17325.6;19762.8,-17313.9;19788.3,-17230.1;19718.6,-17269.7
|pond|3.89|20653.3,-11106.3;20649.4,-11178.4;20685.6,-11176.6;20684.3,-11112.1;20666.1,-11102.5;20657.9,-11101.5;20653.3,-11106.3
|water|2.85|19992.0,-11056.8;20107.5,-11041.4;20121.9,-11044.5;20131.6,-11056.0;20147.6,-11147.7;20152.9,-11158.1;20167.4,-11167.3;20288.9,-11170.7;20303.6,-11158.9;20325.9,-11121.0;20342.3,-11117.9;20367.2,-11121.0;20398.3,-11160.4;20410.8,-11166.0;20500.0,-11168.7;20540.9,-11203.6;20563.1,-11207.1;20741.7,-11204.9;20753.0,-11193.9;20754.3,-11175.7;20828.9,-11174.4;20920.2,-11131.8;21070.5,-11176.1;21155.9,-11191.2;21243.9,-11196.9;21277.7,-11190.0;21364.5,-11132.6;21380.0,-11130.0;21464.6,-11128.1;21548.0,-11146.2;21659.5,-11156.7;21668.0,-11153.4;21694.0,-11124.0;21706.4,-11121.4;21775.3,-11146.9;21835.7,-11155.2;21706.6,-11110.6;21688.0,-11113.6;21662.6,-11141.5;21551.8,-11133.2;21472.8,-11114.4;21376.7,-11113.1;21364.5,-11113.5;21272.4,-11174.3;21250.6,-11180.0;21168.5,-11177.5;21049.3,-11154.9;20929.6,-11115.9;20900.7,-11119.7;20839.0,-11150.2;20810.5,-11100.0;20706.8,-11113.2;20704.1,-11139.6;20713.1,-11189.6;20709.1,-11190.4;20557.0,-11189.6;20542.5,-11185.6;20519.5,-11161.2;20502.9,-11151.6;20419.5,-11152.0;20407.4,-11143.8;20389.1,-11114.2;20380.7,-11108.5;20345.9,-11102.0;20328.2,-11104.1;20309.5,-11119.5;20288.3,-11155.9;20169.6,-11160.2;20160.6,-11154.3;20155.4,-11143.4;20142.0,-11058.6;20130.0,-11041.5;20103.1,-11033.8;19997.3,-11049.5;19991.4,-10889.5;19987.3,-10889.9;19992.0,-11056.8
|pond|25.59|20929.0,-10346.1;20928.4,-10365.0;20937.0,-10390.2;20948.9,-10396.1;20969.7,-10393.8;20978.3,-10387.2;20979.3,-10375.6;20965.4,-10346.8;20957.1,-10339.8;20938.9,-10332.2;20929.0,-10346.1
